{
    "imgid": 357,
    "adv_method": "attack_sam_k",
    "evaluations": {
        "m0_p0": {
            "prompt": [
                1322,
                1127
            ],
            "fastsam": 0.0,
            "samb": 96.93282958072665,
            "saml": 99.3493239410978,
            "samh": 99.27770334325665
        },
        "m0_p1": {
            "prompt": [
                1422,
                1446
            ],
            "fastsam": 0.0,
            "samb": 97.78893618660892,
            "saml": 99.2190831626519,
            "samh": 99.24928823118566
        },
        "m0_p2": {
            "prompt": [
                375,
                1494
            ],
            "fastsam": 0.0,
            "samb": 97.89295657695502,
            "saml": 99.28197426848116,
            "samh": 99.25502760209278
        },
        "m0_p3": {
            "prompt": [
                1415,
                1044
            ],
            "fastsam": 0.0,
            "samb": 97.82574245983349,
            "saml": 99.30780473341211,
            "samh": 99.26416411963211
        },
        "m0_p4": {
            "prompt": [
                568,
                33
            ],
            "fastsam": 0.0,
            "samb": 98.45624681218366,
            "saml": 99.3570352589617,
            "samh": 99.22764717490888
        },
        "m0_p5": {
            "prompt": [
                0,
                0,
                1499,
                1669
            ],
            "fastsam": 0.0,
            "samb": 98.63410041969128,
            "saml": 99.32437876123554,
            "samh": 99.36397387580938
        },
        "m0_p6": {
            "prompt": [
                0,
                57,
                1499,
                1612
            ],
            "fastsam": 0.0,
            "samb": 98.43297789318598,
            "saml": 99.25980223443041,
            "samh": 99.39198329092986
        },
        "m0_p7": {
            "prompt": [
                46,
                0,
                1453,
                1669
            ],
            "fastsam": 0.0,
            "samb": 98.06798514962037,
            "saml": 99.28944807171573,
            "samh": 99.36224657404641
        },
        "m1_p0": {
            "prompt": [
                427,
                798
            ],
            "fastsam": 0.0,
            "samb": 3.3346016574459503,
            "saml": 3.6077225718569026,
            "samh": 4.961836127451353
        },
        "m1_p1": {
            "prompt": [
                393,
                1198
            ],
            "fastsam": 0.0,
            "samb": 0.2582054228465759,
            "saml": 6.036132017320234,
            "samh": 6.138866270442214
        },
        "m1_p2": {
            "prompt": [
                1063,
                704
            ],
            "fastsam": 0.0,
            "samb": 2.420419003553844,
            "saml": 1.7912287777667857,
            "samh": 3.471885059395618
        },
        "m1_p3": {
            "prompt": [
                436,
                1076
            ],
            "fastsam": 0.0,
            "samb": 5.395907371753407,
            "saml": 6.08300927652256,
            "samh": 6.200582921762159
        },
        "m1_p4": {
            "prompt": [
                307,
                634
            ],
            "fastsam": 0.0,
            "samb": 1.5783786251873948,
            "saml": 80.21429604206777,
            "samh": 99.14006988358314
        },
        "m1_p5": {
            "prompt": [
                187,
                185,
                1324,
                1477
            ],
            "fastsam": 1.3791502735775112,
            "samb": 98.56022658132993,
            "saml": 99.47781411547703,
            "samh": 99.53784645397845
        },
        "m1_p6": {
            "prompt": [
                258,
                181,
                1252,
                1480
            ],
            "fastsam": 1.3791502735775112,
            "samb": 97.06615486971658,
            "saml": 95.4253647586981,
            "samh": 99.4202431512992
        },
        "m1_p7": {
            "prompt": [
                255,
                149,
                1256,
                1513
            ],
            "fastsam": 1.3791502735775112,
            "samb": 97.25696540361187,
            "saml": 97.63240098170039,
            "samh": 99.52346664722252
        },
        "m2_p0": {
            "prompt": [
                321,
                429
            ],
            "fastsam": 0.0,
            "samb": 8.020334521026712,
            "saml": 81.63448585541087,
            "samh": 91.42857142857143
        },
        "m2_p1": {
            "prompt": [
                305,
                455
            ],
            "fastsam": 0.0,
            "samb": 7.849882373829287,
            "saml": 82.08286674132138,
            "samh": 90.92751013057182
        },
        "m2_p2": {
            "prompt": [
                295,
                468
            ],
            "fastsam": 0.0,
            "samb": 7.84777657386728,
            "saml": 81.8733153638814,
            "samh": 89.65361104822277
        },
        "m2_p3": {
            "prompt": [
                308,
                470
            ],
            "fastsam": 0.0,
            "samb": 7.930618266350753,
            "saml": 82.41410488245931,
            "samh": 87.32106339468302
        },
        "m2_p4": {
            "prompt": [
                272,
                420
            ],
            "fastsam": 0.0,
            "samb": 8.298012987517984,
            "saml": 82.51242657026661,
            "samh": 92.49717514124293
        },
        "m2_p5": {
            "prompt": [
                244,
                375,
                352,
                483
            ],
            "fastsam": 0.0,
            "samb": 66.24087591240875,
            "saml": 88.5286783042394,
            "samh": 95.05356735810349
        },
        "m2_p6": {
            "prompt": [
                234,
                379,
                361,
                478
            ],
            "fastsam": 0.0,
            "samb": 11.07898693188389,
            "saml": 92.73755656108597,
            "samh": 95.62043795620438
        },
        "m2_p7": {
            "prompt": [
                237,
                374,
                359,
                483
            ],
            "fastsam": 0.0,
            "samb": 10.614958448753463,
            "saml": 92.23981900452489,
            "samh": 95.44315333789018
        },
        "m3_p0": {
            "prompt": [
                689,
                351
            ],
            "fastsam": 97.23302589176575,
            "samb": 97.8948540877701,
            "saml": 98.42714301763847,
            "samh": 98.11552185548618
        },
        "m3_p1": {
            "prompt": [
                704,
                375
            ],
            "fastsam": 97.23302589176575,
            "samb": 97.75505667926205,
            "saml": 98.40449438202248,
            "samh": 97.71060235607914
        },
        "m3_p2": {
            "prompt": [
                678,
                375
            ],
            "fastsam": 97.23302589176575,
            "samb": 97.85507890642366,
            "saml": 98.40700022436617,
            "samh": 98.10858923008456
        },
        "m3_p3": {
            "prompt": [
                729,
                360
            ],
            "fastsam": 97.23302589176575,
            "samb": 97.8326108702901,
            "saml": 98.43890386343216,
            "samh": 97.73232547799022
        },
        "m3_p4": {
            "prompt": [
                670,
                396
            ],
            "fastsam": 97.23302589176575,
            "samb": 97.80244173140954,
            "saml": 98.4196368527236,
            "samh": 98.18384401114206
        },