{
    "imgid": 431,
    "adv_method": "attack_sam_k",
    "evaluations": {
        "m0_p0": {
            "prompt": [
                431,
                832
            ],
            "fastsam": 0.0,
            "samb": 59.829605963791266,
            "saml": 75.21027003098716,
            "samh": 78.5109228711547
        },
        "m0_p1": {
            "prompt": [
                401,
                819
            ],
            "fastsam": 0.0,
            "samb": 7.1178419309039285,
            "saml": 78.53271778402248,
            "samh": 77.97144446504728
        },
        "m0_p2": {
            "prompt": [
                458,
                793
            ],
            "fastsam": 0.0,
            "samb": 61.95300711360207,
            "saml": 75.73716178906682,
            "samh": 78.34856251392912
        },
        "m0_p3": {
            "prompt": [
                398,
                834
            ],
            "fastsam": 0.0,
            "samb": 4.038443766749838,
            "saml": 70.74327886136004,
            "samh": 0.9006915536245843
        },
        "m0_p4": {
            "prompt": [
                461,
                802
            ],
            "fastsam": 0.0,
            "samb": 59.84489444205084,
            "saml": 75.38902990839863,
            "samh": 78.3988419997773
        },
        "m0_p5": {
            "prompt": [
                398,
                768,
                492,
                865
            ],
            "fastsam": 0.0,
            "samb": 73.13904890997402,
            "saml": 74.8124090043678,
            "samh": 79.87209693705823
        },
        "m0_p6": {
            "prompt": [
                396,
                765,
                494,
                868
            ],
            "fastsam": 0.0,
            "samb": 74.2154462497218,
            "saml": 76.58911276856284,
            "samh": 80.46630968317716
        },
        "m0_p7": {
            "prompt": [
                395,
                766,
                495,
                867
            ],
            "fastsam": 0.0,
            "samb": 73.97976203713999,
            "saml": 76.57988429016467,
            "samh": 80.46169287387086
        },
        "m1_p0": {
            "prompt": [
                2117,
                1390
            ],
            "fastsam": 0.0,
            "samb": 61.702127659574465,
            "saml": 81.56028368794327,
            "samh": 74.9185667752443
        },
        "m1_p1": {
            "prompt": [
                2118,
                1380
            ],
            "fastsam": 0.0,
            "samb": 62.365591397849464,
            "saml": 77.77777777777777,
            "samh": 69.6969696969697
        },
        "m1_p2": {
            "prompt": [
                2118,
                1386
            ],
            "fastsam": 0.0,
            "samb": 62.19839142091153,
            "saml": 80.20833333333333,
            "samh": 74.9185667752443
        },
        "m1_p3": {
            "prompt": [
                2121,
                1404
            ],
            "fastsam": 0.0,
            "samb": 58.58585858585859,
            "saml": 81.20567375886525,
            "samh": 77.44107744107744
        },
        "m1_p4": {
            "prompt": [
                2121,
                1401
            ],
            "fastsam": 0.0,
            "samb": 59.033078880407125,
            "saml": 80.91872791519435,
            "samh": 77.44107744107744
        },
        "m1_p5": {
            "prompt": [
                2116,
                1372,
                2120,
                1412
            ],
            "fastsam": 0.0,
            "samb": 79.02097902097903,
            "saml": 80.85106382978724,
            "samh": 80.49645390070921
        },
        "m1_p6": {
            "prompt": [
                2116,
                1369,
                2120,
                1415
            ],
            "fastsam": 0.0,
            "samb": 78.69415807560138,
            "saml": 80.13937282229965,
            "samh": 80.91872791519435
        },
        "m1_p7": {
            "prompt": [
                2116,
                1371,
                2120,
                1413
            ],
            "fastsam": 0.0,
            "samb": 78.96551724137932,
            "saml": 80.91872791519435,
            "samh": 80.49645390070921
        },
        "m2_p0": {
            "prompt": [
                1933,
                54
            ],
            "fastsam": 0.0,
            "samb": 4.459539279385706,
            "saml": 61.885245901639344,
            "samh": 62.655601659751035
        },
        "m2_p1": {
            "prompt": [
                1924,
                33
            ],
            "fastsam": 0.0,
            "samb": 56.06060606060606,
            "saml": 65.08620689655173,
            "samh": 65.93886462882097
        },
        "m2_p2": {
            "prompt": [
                1918,
                26
            ],
            "fastsam": 0.0,
            "samb": 51.5358361774744,
            "saml": 65.08620689655173,
            "samh": 65.36796536796537
        },
        "m2_p3": {
            "prompt": [
                1929,
                47
            ],
            "fastsam": 0.0,
            "samb": 35.36299765807963,
            "saml": 64.8068669527897,
            "samh": 63.71308016877637
        },
        "m2_p4": {
            "prompt": [
                1924,
                36
            ],
            "fastsam": 0.0,
            "samb": 55.84905660377358,
            "saml": 64.25531914893617,
            "samh": 65.65217391304348
        },
        "m2_p5": {
            "prompt": [
                1918,
                22,
                1934,
                56
            ],
            "fastsam": 0.0,
            "samb": 50.85910652920962,
            "saml": 65.08620689655173,
            "samh": 63.983050847457626
        },
        "m2_p6": {
            "prompt": [
                1917,
                22,
                1934,
                55
            ],
            "fastsam": 0.0,
            "samb": 51.02739726027397,
            "saml": 64.8068669527897,
            "samh": 63.983050847457626
        },
        "m2_p7": {
            "prompt": [
                1918,
                24,
                1934,
                53
            ],
            "fastsam": 0.0,
            "samb": 52.857142857142854,
            "saml": 65.08620689655173,
            "samh": 63.445378151260506
        },
        "m3_p0": {
            "prompt": [
                1012,
                1382
            ],
            "fastsam": 91.67503805817483,
            "samb": 94.5029336512763,
            "saml": 97.25254013673046,
            "samh": 98.41875945709506
        },
        "m3_p1": {
            "prompt": [
                678,
                1283
            ],
            "fastsam": 91.67503805817483,
            "samb": 95.5536697011778,
            "saml": 97.5478347720625,
            "samh": 98.3445679444791
        },
        "m3_p2": {
            "prompt": [
                1123,
                1131
            ],
            "fastsam": 91.67503805817483,
            "samb": 17.777433131428012,
            "saml": 97.30021505744861,
            "samh": 98.08514896780466
        },
        "m3_p3": {
            "prompt": [
                718,
                1342
            ],
            "fastsam": 91.67503805817483,
            "samb": 95.6951819019604,
            "saml": 97.45658471153983,
            "samh": 98.34290626120716
        },
        "m3_p4": {
            "prompt": [
                1094,
                1100
            ],
            "fastsam": 91.67503805817483,
            "samb": 93.24759118080716,
            "saml": 97.55173427144051,
            "samh": 98.2821546688582
        },