{
    "imgid": 511,
    "adv_method": "attack_sam_k",
    "evaluations": {
        "m0_p0": {
            "prompt": [
                223,
                1182
            ],
            "fastsam": 87.58612853509382,
            "samb": 32.522080601242415,
            "saml": 54.342132173935994,
            "samh": 52.26418831919179
        },
        "m0_p1": {
            "prompt": [
                754,
                1382
            ],
            "fastsam": 87.58612853509382,
            "samb": 43.921563450838555,
            "saml": 48.131680796166606,
            "samh": 48.35635781927342
        },
        "m0_p2": {
            "prompt": [
                504,
                1214
            ],
            "fastsam": 87.58612853509382,
            "samb": 46.813224267212,
            "saml": 48.00223141038262,
            "samh": 48.258623069793124
        },
        "m0_p3": {
            "prompt": [
                501,
                1486
            ],
            "fastsam": 87.58612853509382,
            "samb": 5.307381126069368,
            "saml": 29.99213536464365,
            "samh": 35.46036696638907
        },
        "m0_p4": {
            "prompt": [
                252,
                1347
            ],
            "fastsam": 87.58612853509382,
            "samb": 33.302377106543595,
            "saml": 51.42678897386723,
            "samh": 51.467495204102185
        },
        "m0_p5": {
            "prompt": [
                7,
                1043,
                963,
                1497
            ],
            "fastsam": 87.58612853509382,
            "samb": 95.80330315586889,
            "saml": 97.81509363650925,
            "samh": 98.21554741287238
        },
        "m0_p6": {
            "prompt": [
                0,
                1050,
                969,
                1491
            ],
            "fastsam": 87.58612853509382,
            "samb": 95.78494651811314,
            "saml": 97.82396191933358,
            "samh": 98.22226166178602
        },
        "m0_p7": {
            "prompt": [
                11,
                1036,
                958,
                1499
            ],
            "fastsam": 87.58612853509382,
            "samb": 95.87329226700533,
            "saml": 97.80502791105069,
            "samh": 98.19849124052097
        },
        "m1_p0": {
            "prompt": [
                1100,
                679
            ],
            "fastsam": 94.96269461336094,
            "samb": 27.386297959365137,
            "saml": 41.95996626869646,
            "samh": 96.75744643407101
        },
        "m1_p1": {
            "prompt": [
                1084,
                699
            ],
            "fastsam": 94.96269461336094,
            "samb": 33.416347949835455,
            "saml": 42.62185918494185,
            "samh": 96.82721040604676
        },
        "m1_p2": {
            "prompt": [
                883,
                565
            ],
            "fastsam": 94.96269461336094,
            "samb": 43.435674441077,
            "saml": 96.23462214411248,
            "samh": 97.4632320946828
        },
        "m1_p3": {
            "prompt": [
                847,
                588
            ],
            "fastsam": 94.96269461336094,
            "samb": 94.75343293894119,
            "saml": 95.94446153170175,
            "samh": 97.65311463967893
        },
        "m1_p4": {
            "prompt": [
                940,
                608
            ],
            "fastsam": 94.96269461336094,
            "samb": 30.96011028594299,
            "saml": 45.06755260243632,
            "samh": 96.96583823658558
        },
        "m1_p5": {
            "prompt": [
                835,
                567,
                1130,
                754
            ],
            "fastsam": 94.96269461336094,
            "samb": 96.88401363517175,
            "saml": 97.60889631225001,
            "samh": 98.03448427148686
        },
        "m1_p6": {
            "prompt": [
                852,
                557,
                1114,
                764
            ],
            "fastsam": 94.96269461336094,
            "samb": 96.89205115893317,
            "saml": 97.59989450085718,
            "samh": 98.02201657822026
        },
        "m1_p7": {
            "prompt": [
                832,
                561,
                1133,
                761
            ],
            "fastsam": 94.96269461336094,
            "samb": 96.89668718083017,
            "saml": 97.60555335881551,
            "samh": 98.0178046748235
        },
        "m2_p0": {
            "prompt": [
                1705,
                658
            ],
            "fastsam": 0.0,
            "samb": 0.23380777762029958,
            "saml": 0.19583413694563773,
            "samh": 0.18898436136259397
        },
        "m2_p1": {
            "prompt": [
                367,
                1376
            ],
            "fastsam": 10.618646772608534,
            "samb": 3.182248565531085,
            "saml": 5.030145534081429,
            "samh": 4.981635859927679
        },
        "m2_p2": {
            "prompt": [
                557,
                192
            ],
            "fastsam": 0.0,
            "samb": 51.27192750180313,
            "saml": 52.02670415415488,
            "samh": 50.23267265011355
        },
        "m2_p3": {
            "prompt": [
                1473,
                711
            ],
            "fastsam": 0.0,
            "samb": 11.883350531425792,
            "saml": 1.5081501281413086,
            "samh": 1.5758903051054187
        },
        "m2_p4": {
            "prompt": [
                86,
                819
            ],
            "fastsam": 0.0,
            "samb": 3.8945866886448712,
            "saml": 4.153647095142752,
            "samh": 4.127731584757134
        },
        "m2_p5": {
            "prompt": [
                0,
                0,
                2240,
                1499
            ],
            "fastsam": 10.618646772608534,
            "samb": 54.55781241881826,
            "saml": 94.86454360506035,
            "samh": 95.65886050404843
        },
        "m2_p6": {
            "prompt": [
                47,
                13,
                2192,
                1488
            ],
            "fastsam": 10.618646772608534,
            "samb": 54.418783946227286,
            "saml": 95.34638389960483,
            "samh": 94.12029676067367
        },
        "m2_p7": {
            "prompt": [
                0,
                4,
                2240,
                1497
            ],
            "fastsam": 10.618646772608534,
            "samb": 54.6163112202844,
            "saml": 94.8684700865666,
            "samh": 95.64555602895229
        }
    }
}