{
    "imgid": 58,
    "adv_method": "attack_sam_k",
    "evaluations": {
        "m0_p0": {
            "prompt": [
                2106,
                712
            ],
            "fastsam": 0.0,
            "samb": 96.67662475361207,
            "saml": 99.56244580637998,
            "samh": 99.6715280515044
        },
        "m0_p1": {
            "prompt": [
                2129,
                500
            ],
            "fastsam": 0.0,
            "samb": 98.47382864484047,
            "saml": 99.61470169331702,
            "samh": 99.67928675115968
        },
        "m0_p2": {
            "prompt": [
                2607,
                1447
            ],
            "fastsam": 0.0,
            "samb": 83.62289190325492,
            "saml": 99.61413240929372,
            "samh": 99.6587903460921
        },
        "m0_p3": {
            "prompt": [
                2166,
                385
            ],
            "fastsam": 0.0,
            "samb": 26.19757845463578,
            "saml": 99.19235715339804,
            "samh": 99.66049970452266
        },
        "m0_p4": {
            "prompt": [
                2117,
                1259
            ],
            "fastsam": 0.0,
            "samb": 93.30872762279805,
            "saml": 99.59499486187511,
            "samh": 99.65249179260356
        },
        "m0_p5": {
            "prompt": [
                51,
                0,
                2610,
                1499
            ],
            "fastsam": 0.10568905301288076,
            "samb": 99.16373696141935,
            "saml": 99.64092486280686,
            "samh": 99.71417370039399
        },
        "m0_p6": {
            "prompt": [
                0,
                36,
                2662,
                1463
            ],
            "fastsam": 0.10568905301288076,
            "samb": 98.85452362041589,
            "saml": 99.64394032344197,
            "samh": 99.71618711044299
        },
        "m0_p7": {
            "prompt": [
                133,
                50,
                2529,
                1448
            ],
            "fastsam": 0.10568905301288076,
            "samb": 56.89160641829843,
            "saml": 86.41872322579556,
            "samh": 66.84085742935092
        },
        "m1_p0": {
            "prompt": [
                1632,
                1128
            ],
            "fastsam": 71.92702878809054,
            "samb": 36.87911375815471,
            "saml": 99.41020065930002,
            "samh": 99.65117496324685
        },
        "m1_p1": {
            "prompt": [
                1548,
                831
            ],
            "fastsam": 73.46167630852997,
            "samb": 3.267831534524198,
            "saml": 90.37243822306934,
            "samh": 2.686916100723593
        },
        "m1_p2": {
            "prompt": [
                1718,
                652
            ],
            "fastsam": 0.0,
            "samb": 5.553773854796653,
            "saml": 5.487901543216063,
            "samh": 6.036108595471119
        },
        "m1_p3": {
            "prompt": [
                1487,
                909
            ],
            "fastsam": 73.46167630852997,
            "samb": 0.3022108679292041,
            "saml": 0.30795077889680733,
            "samh": 0.33200373914200176
        },
        "m1_p4": {
            "prompt": [
                1272,
                610
            ],
            "fastsam": 73.46167630852997,
            "samb": 5.319348602103905,
            "saml": 7.150562420165127,
            "samh": 6.871220086408438
        },
        "m1_p5": {
            "prompt": [
                764,
                149,
                1921,
                1294
            ],
            "fastsam": 71.92702878809054,
            "samb": 87.18004551840507,
            "saml": 84.86941247000213,
            "samh": 97.4912033586679
        },
        "m1_p6": {
            "prompt": [
                642,
                71,
                2043,
                1371
            ],
            "fastsam": 71.92702878809054,
            "samb": 99.18495811830724,
            "saml": 99.44130617569385,
            "samh": 99.5524086391601
        },
        "m1_p7": {
            "prompt": [
                665,
                48,
                2019,
                1394
            ],
            "fastsam": 71.92702878809054,
            "samb": 99.33001636017154,
            "saml": 99.4927996312595,
            "samh": 99.59105066908629
        },
        "m2_p0": {
            "prompt": [
                1340,
                758
            ],
            "fastsam": 8.807617028914283,
            "samb": 75.19425181719441,
            "saml": 87.13038853025797,
            "samh": 94.20903401147217
        },
        "m2_p1": {
            "prompt": [
                1331,
                669
            ],
            "fastsam": 8.807617028914283,
            "samb": 10.556595272752478,
            "saml": 66.4852136574555,
            "samh": 63.557607008205814
        },
        "m2_p2": {
            "prompt": [
                1409,
                673
            ],
            "fastsam": 8.807617028914283,
            "samb": 60.687793340020555,
            "saml": 88.5959194716712,
            "samh": 94.76021547759821
        },
        "m2_p3": {
            "prompt": [
                1231,
                717
            ],
            "fastsam": 8.807617028914283,
            "samb": 61.48455682389749,
            "saml": 87.90063809279798,
            "samh": 92.4936827388053
        },
        "m2_p4": {
            "prompt": [
                1365,
                739
            ],
            "fastsam": 8.807617028914283,
            "samb": 65.67429237550544,
            "saml": 88.30611544308763,
            "samh": 88.37366003062787
        },
        "m2_p5": {
            "prompt": [
                1163,
                524,
                1486,
                805
            ],
            "fastsam": 95.31948213249092,
            "samb": 88.0169829492275,
            "saml": 96.14794062979824,
            "samh": 96.60860119885747
        },
        "m2_p6": {
            "prompt": [
                1162,
                506,
                1488,
                824
            ],
            "fastsam": 95.31948213249092,
            "samb": 90.21317462122649,
            "saml": 96.30307024032061,
            "samh": 96.1795593749583
        },
        "m2_p7": {
            "prompt": [
                1176,
                513,
                1473,
                817
            ],
            "fastsam": 95.31948213249092,
            "samb": 90.1303006834332,
            "saml": 96.11613825468963,
            "samh": 96.82795698924731
        },
        "m3_p0": {
            "prompt": [
                1349,
                653
            ],
            "fastsam": 0.8360123906144881,
            "samb": 86.27772177419355,
            "saml": 16.34909264565425,
            "samh": 14.762510510769497
        },
        "m3_p1": {
            "prompt": [
                1372,
                658
            ],
            "fastsam": 0.8360123906144881,
            "samb": 50.25689958896066,
            "saml": 10.107317361203371,
            "samh": 10.491074848693787
        },
        "m3_p2": {
            "prompt": [
                1300,
                696
            ],
            "fastsam": 0.8360123906144881,
            "samb": 72.15723469280219,
            "saml": 15.176434081035552,
            "samh": 14.363029934341633
        },
        "m3_p3": {
            "prompt": [
                1336,
                687
            ],
            "fastsam": 0.8360123906144881,
            "samb": 87.7145785293364,
            "saml": 14.901952249330751,
            "samh": 15.060598728636474
        },