{
    "imgid": 785,
    "adv_method": "attack_sam_k",
    "evaluations": {
        "m0_p0": {
            "prompt": [
                878,
                964
            ],
            "fastsam": 98.24371488829578,
            "samb": 98.9458310708334,
            "saml": 98.34609897123977,
            "samh": 95.8338033464937
        },
        "m0_p1": {
            "prompt": [
                780,
                1162
            ],
            "fastsam": 98.24371488829578,
            "samb": 98.19755543455813,
            "saml": 98.80780549984067,
            "samh": 98.58715356295203
        },
        "m0_p2": {
            "prompt": [
                799,
                984
            ],
            "fastsam": 98.24371488829578,
            "samb": 98.57035787895822,
            "saml": 98.44105106966435,
            "samh": 93.58733263126223
        },
        "m0_p3": {
            "prompt": [
                715,
                968
            ],
            "fastsam": 0.0,
            "samb": 98.02321700107555,
            "saml": 98.45351220421092,
            "samh": 98.74339862916214
        },
        "m0_p4": {
            "prompt": [
                772,
                1027
            ],
            "fastsam": 98.24371488829578,
            "samb": 4.1522491349480966,
            "saml": 98.36706315651014,
            "samh": 98.81816646969442
        },
        "m0_p5": {
            "prompt": [
                712,
                932,
                1038,
                1188
            ],
            "fastsam": 98.24371488829578,
            "samb": 98.85717502674098,
            "saml": 98.91181988742964,
            "samh": 98.88811674774149
        },
        "m0_p6": {
            "prompt": [
                728,
                932,
                1022,
                1188
            ],
            "fastsam": 98.24371488829578,
            "samb": 98.86278336586098,
            "saml": 98.85913722252454,
            "samh": 98.87490608564988
        },
        "m0_p7": {
            "prompt": [
                707,
                936,
                1044,
                1185
            ],
            "fastsam": 98.24371488829578,
            "samb": 98.87001407789771,
            "saml": 98.91559257800041,
            "samh": 98.87878901701536
        },
        "m1_p0": {
            "prompt": [
                752,
                682
            ],
            "fastsam": 95.68301333007216,
            "samb": 97.91254940711462,
            "saml": 98.25994761132593,
            "samh": 98.2652490207051
        },
        "m1_p1": {
            "prompt": [
                740,
                733
            ],
            "fastsam": 95.68301333007216,
            "samb": 96.6368537123254,
            "saml": 97.9505388400922,
            "samh": 97.96567862714508
        },
        "m1_p2": {
            "prompt": [
                795,
                733
            ],
            "fastsam": 95.68301333007216,
            "samb": 98.0355819125278,
            "saml": 98.24057898677314,
            "samh": 98.06835066864785
        },
        "m1_p3": {
            "prompt": [
                650,
                759
            ],
            "fastsam": 95.68301333007216,
            "samb": 97.28454088512933,
            "saml": 98.15323184427253,
            "samh": 98.33519691887192
        },
        "m1_p4": {
            "prompt": [
                741,
                737
            ],
            "fastsam": 95.68301333007216,
            "samb": 96.70027497708524,
            "saml": 97.95664091701968,
            "samh": 97.85442524792616
        },
        "m1_p5": {
            "prompt": [
                575,
                664,
                794,
                767
            ],
            "fastsam": 95.68301333007216,
            "samb": 98.21916108215439,
            "saml": 98.35717408957461,
            "samh": 98.4320339830085
        },
        "m1_p6": {
            "prompt": [
                581,
                665,
                788,
                766
            ],
            "fastsam": 95.68301333007216,
            "samb": 98.24909971439216,
            "saml": 98.32573249203473,
            "samh": 98.40109924426956
        },
        "m1_p7": {
            "prompt": [
                564,
                662,
                806,
                770
            ],
            "fastsam": 95.68301333007216,
            "samb": 98.16752306073175,
            "saml": 98.40734495034664,
            "samh": 98.50074962518741
        }
    }
}