{
    "imgid": 79,
    "adv_method": "attack_sam_k",
    "evaluations": {
        "m0_p0": {
            "prompt": [
                804,
                1437
            ],
            "fastsam": 0.0,
            "samb": 0.3209976052657123,
            "saml": 0.47010022497478093,
            "samh": 1.1852030240738989
        },
        "m0_p1": {
            "prompt": [
                1180,
                1964
            ],
            "fastsam": 0.0,
            "samb": 1.1000541856244679,
            "saml": 1.7346157674023706,
            "samh": 99.12500214987186
        },
        "m0_p2": {
            "prompt": [
                1160,
                1582
            ],
            "fastsam": 0.0,
            "samb": 0.45511009757098503,
            "saml": 89.20188629865494,
            "samh": 4.222976916432497
        },
        "m0_p3": {
            "prompt": [
                852,
                1649
            ],
            "fastsam": 0.0,
            "samb": 12.188386583098755,
            "saml": 97.21381249139914,
            "samh": 99.53940769758513
        },
        "m0_p4": {
            "prompt": [
                1242,
                19
            ],
            "fastsam": 0.0,
            "samb": 18.362054825069315,
            "saml": 97.90852732606997,
            "samh": 82.28074788448755
        },
        "m0_p5": {
            "prompt": [
                581,
                24,
                1499,
                1975
            ],
            "fastsam": 50.46906635499657,
            "samb": 79.74739049908621,
            "saml": 98.068669527897,
            "samh": 99.24373625009906
        },
        "m0_p6": {
            "prompt": [
                584,
                60,
                1499,
                1938
            ],
            "fastsam": 50.46906635499657,
            "samb": 76.42608272589676,
            "saml": 97.05941619597257,
            "samh": 99.23642502663205
        },
        "m0_p7": {
            "prompt": [
                651,
                42,
                1464,
                1956
            ],
            "fastsam": 50.46906635499657,
            "samb": 75.62292014524517,
            "saml": 97.00473909191774,
            "samh": 99.04867982439434
        },
        "m1_p0": {
            "prompt": [
                564,
                1925
            ],
            "fastsam": 0.0,
            "samb": 0.2550074392809045,
            "saml": 0.19758009425591427,
            "samh": 0.46309711301851636
        },
        "m1_p1": {
            "prompt": [
                57,
                1265
            ],
            "fastsam": 0.0,
            "samb": 0.2048617314682333,
            "saml": 38.890924077296454,
            "samh": 89.20178242468009
        },
        "m1_p2": {
            "prompt": [
                644,
                1432
            ],
            "fastsam": 0.0,
            "samb": 12.96999282978352,
            "saml": 8.714989098401897,
            "samh": 8.764587482948965
        },
        "m1_p3": {
            "prompt": [
                88,
                891
            ],
            "fastsam": 0.0,
            "samb": 0.03333038064195514,
            "saml": 59.51957709452166,
            "samh": 90.8689020041768
        },
        "m1_p4": {
            "prompt": [
                409,
                1981
            ],
            "fastsam": 0.0,
            "samb": 0.2001324207014694,
            "saml": 87.49352534835502,
            "samh": 91.94192590012678
        },
        "m1_p5": {
            "prompt": [
                23,
                79,
                711,
                1919
            ],
            "fastsam": 0.37901928465934387,
            "samb": 22.08354188843129,
            "saml": 97.62040600006907,
            "samh": 97.97863252354522
        },
        "m1_p6": {
            "prompt": [
                15,
                69,
                719,
                1930
            ],
            "fastsam": 0.37901928465934387,
            "samb": 30.84258554791738,
            "saml": 99.52474429952144,
            "samh": 99.21943851820934
        },
        "m1_p7": {
            "prompt": [
                0,
                0,
                766,
                1999
            ],
            "fastsam": 0.37901928465934387,
            "samb": 99.14032780585055,
            "saml": 99.72391677869881,
            "samh": 99.06254551023258
        },
        "m2_p0": {
            "prompt": [
                1277,
                1988
            ],
            "fastsam": 0.0,
            "samb": 70.16840417000802,
            "saml": 65.81899775617053,
            "samh": 64.26491994177584
        },
        "m2_p1": {
            "prompt": [
                1281,
                1988
            ],
            "fastsam": 0.0,
            "samb": 70.05604483586869,
            "saml": 65.84269662921348,
            "samh": 63.64290856731461
        },
        "m2_p2": {
            "prompt": [
                1279,
                1977
            ],
            "fastsam": 0.0,
            "samb": 70.33762057877813,
            "saml": 65.81899775617053,
            "samh": 64.26491994177584
        },
        "m2_p3": {
            "prompt": [
                1279,
                1969
            ],
            "fastsam": 0.0,
            "samb": 70.17684887459806,
            "saml": 65.76980568011957,
            "samh": 64.26491994177584
        },
        "m2_p4": {
            "prompt": [
                1284,
                1941
            ],
            "fastsam": 0.0,
            "samb": 70.39420756234915,
            "saml": 65.4275092936803,
            "samh": 64.71449487554905
        },
        "m2_p5": {
            "prompt": [
                1267,
                1934,
                1285,
                1998
            ],
            "fastsam": 0.0,
            "samb": 71.53284671532846,
            "saml": 71.10573042776433,
            "samh": 68.52713178294573
        },
        "m2_p6": {
            "prompt": [
                1265,
                1935,
                1287,
                1996
            ],
            "fastsam": 0.0,
            "samb": 71.09500805152979,
            "saml": 69.01408450704226,
            "samh": 66.99470098410295
        },
        "m2_p7": {
            "prompt": [
                1266,
                1936,
                1286,
                1995
            ],
            "fastsam": 0.0,
            "samb": 71.35922330097087,
            "saml": 70.14331210191082,
            "samh": 67.94773251345119
        },
        "m3_p0": {
            "prompt": [
                966,
                677
            ],
            "fastsam": 0.3115909075327987,
            "samb": 22.7880658436214,
            "saml": 22.038227055528093,
            "samh": 26.67459373761395
        },
        "m3_p1": {
            "prompt": [
                1010,
                671
            ],
            "fastsam": 0.3115909075327987,
            "samb": 21.775676385605465,
            "saml": 22.974482343843974,
            "samh": 26.583028746419046
        },
        "m3_p2": {
            "prompt": [
                1001,
                684
            ],
            "fastsam": 0.3115909075327987,
            "samb": 21.445466491458607,
            "saml": 22.231453019855447,
            "samh": 25.48945427031117
        },
        "m3_p3": {
            "prompt": [
                989,
                668
            ],
            "fastsam": 0.3115909075327987,
            "samb": 18.89562719438238,
            "saml": 22.505683253346806,
            "samh": 25.429326287978864
        },
        "m3_p4": {
            "prompt": [
                990,
                665
            ],
            "fastsam": 0.3115909075327987,
            "samb": 19.704182250935055,
            "saml": 23.179727501518702,