{
    "imgid": 829,
    "adv_method": "attack_sam_k",
    "evaluations": {
        "m0_p0": {
            "prompt": [
                809,
                779
            ],
            "fastsam": 36.37026998853331,
            "samb": 34.723437348109265,
            "saml": 74.90462060194997,
            "samh": 76.048161685659
        },
        "m0_p1": {
            "prompt": [
                813,
                779
            ],
            "fastsam": 36.37026998853331,
            "samb": 34.8828125,
            "saml": 74.83065198983913,
            "samh": 76.1791944863235
        },
        "m0_p2": {
            "prompt": [
                698,
                791
            ],
            "fastsam": 36.37026998853331,
            "samb": 35.19558676028084,
            "saml": 74.12318220701454,
            "samh": 75.44499249410251
        },
        "m0_p3": {
            "prompt": [
                697,
                800
            ],
            "fastsam": 36.37026998853331,
            "samb": 35.47017189079879,
            "saml": 74.0509059534081,
            "samh": 75.5303192629098
        },
        "m0_p4": {
            "prompt": [
                707,
                805
            ],
            "fastsam": 36.37026998853331,
            "samb": 34.617283950617285,
            "saml": 73.67855608079071,
            "samh": 75.33105510465613
        },
        "m0_p5": {
            "prompt": [
                683,
                768,
                826,
                810
            ],
            "fastsam": 36.37026998853331,
            "samb": 89.23200859291084,
            "saml": 74.56483899042645,
            "samh": 75.82200789127576
        },
        "m0_p6": {
            "prompt": [
                687,
                769,
                821,
                810
            ],
            "fastsam": 36.37026998853331,
            "samb": 86.93888588426177,
            "saml": 81.14575779550398,
            "samh": 76.85433422698839
        },
        "m0_p7": {
            "prompt": [
                688,
                771,
                820,
                807
            ],
            "fastsam": 36.37026998853331,
            "samb": 86.33523499049171,
            "saml": 82.32476046394352,
            "samh": 77.85173284369979
        },
        "m1_p0": {
            "prompt": [
                838,
                757
            ],
            "fastsam": 50.22268254790264,
            "samb": 51.14856161442679,
            "saml": 94.25929493353881,
            "samh": 92.24137931034483
        },
        "m1_p1": {
            "prompt": [
                928,
                741
            ],
            "fastsam": 50.22268254790264,
            "samb": 49.45378151260504,
            "saml": 60.21268793546021,
            "samh": 90.32140248356464
        },
        "m1_p2": {
            "prompt": [
                828,
                775
            ],
            "fastsam": 50.22268254790264,
            "samb": 48.67050854312001,
            "saml": 47.156192859205085,
            "samh": 47.613454351308064
        },
        "m1_p3": {
            "prompt": [
                838,
                762
            ],
            "fastsam": 50.22268254790264,
            "samb": 50.91880341880342,
            "saml": 94.105222734255,
            "samh": 92.16236438458661
        },
        "m1_p4": {
            "prompt": [
                857,
                763
            ],
            "fastsam": 50.22268254790264,
            "samb": 50.1784214945424,
            "saml": 88.34847675040085,
            "samh": 91.796875
        },
        "m1_p5": {
            "prompt": [
                776,
                710,
                960,
                776
            ],
            "fastsam": 76.95481335952849,
            "samb": 91.39784946236558,
            "saml": 94.12563008918185,
            "samh": 91.73815740395375
        },
        "m1_p6": {
            "prompt": [
                774,
                708,
                962,
                779
            ],
            "fastsam": 50.21232522009321,
            "samb": 91.85617103984451,
            "saml": 93.67209971236817,
            "samh": 90.58370044052863
        },
        "m1_p7": {
            "prompt": [
                772,
                710,
                964,
                776
            ],
            "fastsam": 76.95481335952849,
            "samb": 91.52674736431082,
            "saml": 94.02205455600696,
            "samh": 91.68840849795005
        },
        "m2_p0": {
            "prompt": [
                735,
                831
            ],
            "fastsam": 87.19816819317235,
            "samb": 86.07346297387546,
            "saml": 92.0532556688163,
            "samh": 92.27450174645573
        },
        "m2_p1": {
            "prompt": [
                715,
                841
            ],
            "fastsam": 87.19816819317235,
            "samb": 85.2319842053307,
            "saml": 92.10743801652893,
            "samh": 92.20061412487206
        },
        "m2_p2": {
            "prompt": [
                601,
                866
            ],
            "fastsam": 87.19816819317235,
            "samb": 84.40015331544653,
            "saml": 92.53515301902398,
            "samh": 91.74237835655158
        },
        "m2_p3": {
            "prompt": [
                651,
                845
            ],
            "fastsam": 87.19816819317235,
            "samb": 85.83484026522001,
            "saml": 91.21677740863787,
            "samh": 91.6872427983539
        },
        "m2_p4": {
            "prompt": [
                598,
                859
            ],
            "fastsam": 87.19816819317235,
            "samb": 86.48488441019562,
            "saml": 92.20078821821198,
            "samh": 92.01388888888889
        },
        "m2_p5": {
            "prompt": [
                581,
                813,
                763,
                868
            ],
            "fastsam": 87.19816819317235,
            "samb": 86.02663486384417,
            "saml": 92.16417910447761,
            "samh": 92.24279835390946
        },
        "m2_p6": {
            "prompt": [
                588,
                814,
                756,
                868
            ],
            "fastsam": 87.19816819317235,
            "samb": 85.18,
            "saml": 92.14463840399003,
            "samh": 92.23781998348473
        },
        "m2_p7": {
            "prompt": [
                579,
                811,
                766,
                870
            ],
            "fastsam": 87.19816819317235,
            "samb": 86.46348703740352,
            "saml": 92.3697270471464,
            "samh": 92.39286446586016
        },
        "m3_p0": {
            "prompt": [
                756,
                789
            ],
            "fastsam": 85.85848182099083,
            "samb": 81.71726102760586,
            "saml": 37.55698300870286,
            "samh": 36.78627145085803
        },
        "m3_p1": {
            "prompt": [
                807,
                776
            ],
            "fastsam": 85.85848182099083,
            "samb": 80.82512435384766,
            "saml": 38.61611767143153,
            "samh": 36.04229294081061
        },
        "m3_p2": {
            "prompt": [
                880,
                738
            ],
            "fastsam": 85.86878154289835,
            "samb": 89.00299529311083,
            "saml": 85.24933804060018,
            "samh": 56.15307374762914
        },
        "m3_p3": {
            "prompt": [
                722,
                785
            ],
            "fastsam": 85.85848182099083,
            "samb": 80.41347180432884,
            "saml": 36.79411459952337,
            "samh": 36.550863324318705
        },