{
    "imgid": 832,
    "adv_method": "attack_sam_k",
    "evaluations": {
        "m0_p0": {
            "prompt": [
                207,
                610
            ],
            "fastsam": 0.0,
            "samb": 94.79592451679964,
            "saml": 99.73916361021072,
            "samh": 99.70619773853441
        },
        "m0_p1": {
            "prompt": [
                639,
                240
            ],
            "fastsam": 0.0,
            "samb": 23.122607110073808,
            "saml": 24.42838351584917,
            "samh": 24.80551815919246
        },
        "m0_p2": {
            "prompt": [
                378,
                218
            ],
            "fastsam": 0.0,
            "samb": 25.65586413988448,
            "saml": 36.12304391287652,
            "samh": 24.95817501099478
        },
        "m0_p3": {
            "prompt": [
                109,
                1373
            ],
            "fastsam": 0.0,
            "samb": 65.69331577489875,
            "saml": 99.60682825855898,
            "samh": 99.37732531788683
        },
        "m0_p4": {
            "prompt": [
                1249,
                60
            ],
            "fastsam": 0.0,
            "samb": 23.97604109233573,
            "saml": 68.90128406078183,
            "samh": 24.459163918594303
        },
        "m0_p5": {
            "prompt": [
                0,
                30,
                1499,
                1468
            ],
            "fastsam": 0.0,
            "samb": 99.55458289524604,
            "saml": 99.82996170402878,
            "samh": 99.84854054043285
        },
        "m0_p6": {
            "prompt": [
                0,
                16,
                1499,
                1483
            ],
            "fastsam": 0.0,
            "samb": 99.57101852345303,
            "saml": 99.83439478390885,
            "samh": 99.85900011106668
        },
        "m0_p7": {
            "prompt": [
                0,
                57,
                1499,
                1441
            ],
            "fastsam": 0.0,
            "samb": 99.4170172200313,
            "saml": 99.77940711365987,
            "samh": 99.70106584321148
        },
        "m1_p0": {
            "prompt": [
                731,
                439
            ],
            "fastsam": 1.6200939757587212,
            "samb": 91.43610013175231,
            "saml": 66.70840787119857,
            "samh": 92.56773552075566
        },
        "m1_p1": {
            "prompt": [
                758,
                447
            ],
            "fastsam": 1.6200939757587212,
            "samb": 90.54018445322794,
            "saml": 18.661918852500126,
            "samh": 64.59379871817079
        },
        "m1_p2": {
            "prompt": [
                772,
                444
            ],
            "fastsam": 1.6200939757587212,
            "samb": 90.43478260869566,
            "saml": 17.413656120016825,
            "samh": 91.06227106227107
        },
        "m1_p3": {
            "prompt": [
                773,
                450
            ],
            "fastsam": 1.6200939757587212,
            "samb": 90.25032938076416,
            "saml": 17.542700764367275,
            "samh": 93.86828160484481
        },
        "m1_p4": {
            "prompt": [
                698,
                443
            ],
            "fastsam": 1.6200939757587212,
            "samb": 91.89473684210526,
            "saml": 94.52229299363057,
            "samh": 95.02436522185175
        },
        "m1_p5": {
            "prompt": [
                675,
                431,
                834,
                457
            ],
            "fastsam": 92.8386092371562,
            "samb": 96.08718487394958,
            "saml": 95.9758022093635,
            "samh": 91.93675889328063
        },
        "m1_p6": {
            "prompt": [
                679,
                432,
                830,
                457
            ],
            "fastsam": 92.8386092371562,
            "samb": 95.1842105263158,
            "saml": 94.97236114767044,
            "samh": 91.09354413702239
        },
        "m1_p7": {
            "prompt": [
                669,
                432,
                840,
                457
            ],
            "fastsam": 92.8386092371562,
            "samb": 96.20617477760335,
            "saml": 96.7445523759517,
            "samh": 92.4901185770751
        },
        "m2_p0": {
            "prompt": [
                668,
                732
            ],
            "fastsam": 98.43367179543992,
            "samb": 13.885433123404548,
            "saml": 77.40166691036701,
            "samh": 96.72428464599754
        },
        "m2_p1": {
            "prompt": [
                631,
                704
            ],
            "fastsam": 98.15756170932596,
            "samb": 65.08236367391903,
            "saml": 77.70276662165998,
            "samh": 96.32822601083319
        },
        "m2_p2": {
            "prompt": [
                730,
                1035
            ],
            "fastsam": 98.43367179543992,
            "samb": 17.635739837538367,
            "saml": 19.039091523497532,
            "samh": 31.24093309972837
        },
        "m2_p3": {
            "prompt": [
                833,
                1214
            ],
            "fastsam": 98.4842611092414,
            "samb": 7.128072946026309,
            "saml": 7.248278265058997,
            "samh": 7.608569375540534
        },
        "m2_p4": {
            "prompt": [
                786,
                1139
            ],
            "fastsam": 98.43367179543992,
            "samb": 22.782941097972028,
            "saml": 18.872927796264328,
            "samh": 31.31282258793548
        },
        "m2_p5": {
            "prompt": [
                579,
                460,
                929,
                1213
            ],
            "fastsam": 98.15756170932596,
            "samb": 98.81882492408266,
            "saml": 99.36084121543259,
            "samh": 99.3455615649727
        },
        "m2_p6": {
            "prompt": [
                585,
                472,
                923,
                1200
            ],
            "fastsam": 98.15756170932596,
            "samb": 75.78353585074524,
            "saml": 98.72781421611666,
            "samh": 89.398999767588
        },
        "m2_p7": {
            "prompt": [
                593,
                461,
                914,
                1212
            ],
            "fastsam": 98.15756170932596,
            "samb": 98.77300349833679,
            "saml": 99.35772682553798,
            "samh": 99.31232436945136
        },
        "m3_p0": {
            "prompt": [
                760,
                700
            ],
            "fastsam": 6.116339302204717,
            "samb": 43.6091808801853,
            "saml": 95.22626561031288,
            "samh": 95.44412993664915
        },
        "m3_p1": {
            "prompt": [
                772,
                663
            ],
            "fastsam": 6.116339302204717,
            "samb": 40.11795267850874,
            "saml": 96.37676224204863,
            "samh": 95.93298202945547
        },
        "m3_p2": {
            "prompt": [
                858,
                686
            ],
            "fastsam": 6.116339302204717,
            "samb": 50.95165089930075,
            "saml": 73.63721316581871,
            "samh": 93.85437982705129
        },
        "m3_p3": {
            "prompt": [
                705,
                698
            ],
            "fastsam": 6.116339302204717,
            "samb": 49.0910367094827,
            "saml": 92.20272904483431,
            "samh": 94.19577633151813
        },
        "m3_p4": {
            "prompt": [
                705,
                691
            ],
            "fastsam": 6.116339302204717,