{
    "imgid": 900,
    "adv_method": "attack_sam_k",
    "evaluations": {
        "m0_p0": {
            "prompt": [
                1113,
                659
            ],
            "fastsam": 0.0,
            "samb": 77.80497230452144,
            "saml": 93.03628327680131,
            "samh": 92.63330095598384
        },
        "m0_p1": {
            "prompt": [
                1094,
                617
            ],
            "fastsam": 0.0,
            "samb": 78.05173457911584,
            "saml": 92.86300246103363,
            "samh": 92.68367660620966
        },
        "m0_p2": {
            "prompt": [
                1048,
                603
            ],
            "fastsam": 0.0,
            "samb": 78.97159389794845,
            "saml": 92.34176892917155,
            "samh": 93.09066570560675
        },
        "m0_p3": {
            "prompt": [
                1092,
                639
            ],
            "fastsam": 0.0,
            "samb": 77.8098479300392,
            "saml": 92.21228141520943,
            "samh": 92.21056918847368
        },
        "m0_p4": {
            "prompt": [
                1082,
                631
            ],
            "fastsam": 0.0,
            "samb": 78.23312350770567,
            "saml": 92.27443800223782,
            "samh": 92.40267360579621
        },
        "m0_p5": {
            "prompt": [
                1020,
                577,
                1119,
                802
            ],
            "fastsam": 0.0,
            "samb": 91.54620883995199,
            "saml": 94.87261656785772,
            "samh": 95.17167953154112
        },
        "m0_p6": {
            "prompt": [
                1013,
                561,
                1126,
                818
            ],
            "fastsam": 0.0,
            "samb": 88.91565055948618,
            "saml": 94.54162276080085,
            "samh": 94.26808221327336
        },
        "m0_p7": {
            "prompt": [
                1021,
                558,
                1119,
                822
            ],
            "fastsam": 0.0,
            "samb": 87.84331382260243,
            "saml": 94.69797588057165,
            "samh": 94.49295181990323
        },
        "m1_p0": {
            "prompt": [
                1639,
                1342
            ],
            "fastsam": 19.09460415533313,
            "samb": 96.37573165727122,
            "saml": 97.69232988144344,
            "samh": 97.71066731612275
        },
        "m1_p1": {
            "prompt": [
                1732,
                1367
            ],
            "fastsam": 19.09460415533313,
            "samb": 95.7249338091401,
            "saml": 97.76680126910874,
            "samh": 97.69967639394027
        },
        "m1_p2": {
            "prompt": [
                1277,
                1153
            ],
            "fastsam": 19.09460415533313,
            "samb": 94.67269524536268,
            "saml": 97.57172963914003,
            "samh": 97.76179859054966
        },
        "m1_p3": {
            "prompt": [
                1611,
                1401
            ],
            "fastsam": 19.09460415533313,
            "samb": 0.14232498021247086,
            "saml": 97.17702425313088,
            "samh": 97.66173087981599
        },
        "m1_p4": {
            "prompt": [
                1276,
                1115
            ],
            "fastsam": 19.09460415533313,
            "samb": 95.1218112016074,
            "saml": 97.49481387576351,
            "samh": 97.78449867457849
        },
        "m1_p5": {
            "prompt": [
                1060,
                879,
                1999,
                1499
            ],
            "fastsam": 17.56008566445644,
            "samb": 96.33477387719186,
            "saml": 97.56530705774519,
            "samh": 97.53915467254076
        },
        "m1_p6": {
            "prompt": [
                1029,
                881,
                1999,
                1499
            ],
            "fastsam": 17.56008566445644,
            "samb": 96.58674148821774,
            "saml": 97.49068571714615,
            "samh": 97.62183709334057
        },
        "m1_p7": {
            "prompt": [
                1057,
                918,
                1999,
                1468
            ],
            "fastsam": 17.56008566445644,
            "samb": 92.69693403705087,
            "saml": 97.48217196779822,
            "samh": 97.61967733403861
        },
        "m2_p0": {
            "prompt": [
                1472,
                895
            ],
            "fastsam": 73.97755788078216,
            "samb": 11.584413605718566,
            "saml": 78.83867042868081,
            "samh": 78.79115118473474
        },
        "m2_p1": {
            "prompt": [
                1690,
                886
            ],
            "fastsam": 73.97755788078216,
            "samb": 10.651749740263032,
            "saml": 78.77769963154635,
            "samh": 79.11508698984682
        },
        "m2_p2": {
            "prompt": [
                1858,
                911
            ],
            "fastsam": 73.97755788078216,
            "samb": 35.446930079411196,
            "saml": 78.45158575711355,
            "samh": 78.38558899217477
        },
        "m2_p3": {
            "prompt": [
                1895,
                1018
            ],
            "fastsam": 73.97755788078216,
            "samb": 39.88141762879921,
            "saml": 77.97788309636651,
            "samh": 78.38934073093331
        },
        "m2_p4": {
            "prompt": [
                1810,
                931
            ],
            "fastsam": 73.97755788078216,
            "samb": 10.360457586876754,
            "saml": 76.70875331564987,
            "samh": 78.60076253295382
        },
        "m2_p5": {
            "prompt": [
                1309,
                817,
                1999,
                1056
            ],
            "fastsam": 73.97755788078216,
            "samb": 77.1089066893003,
            "saml": 78.14444058483595,
            "samh": 78.25822487441138
        },
        "m2_p6": {
            "prompt": [
                1295,
                815,
                1999,
                1057
            ],
            "fastsam": 73.97755788078216,
            "samb": 76.4042805177227,
            "saml": 77.96574528708561,
            "samh": 77.6778413736713
        },
        "m2_p7": {
            "prompt": [
                1313,
                820,
                1997,
                1053
            ],
            "fastsam": 73.97755788078216,
            "samb": 77.25462213512823,
            "saml": 78.15423514538558,
            "samh": 78.39857277783608
        },
        "m3_p0": {
            "prompt": [
                203,
                1052
            ],
            "fastsam": 0.0,
            "samb": 0.7988843028505095,
            "saml": 0.5719694564847253,
            "samh": 0.6851256524594698
        },
        "m3_p1": {
            "prompt": [
                230,
                1054
            ],
            "fastsam": 0.0,
            "samb": 0.7841740850642928,
            "saml": 0.569510772431311,
            "samh": 0.2833614502616304
        },
        "m3_p2": {
            "prompt": [
                199,
                1043
            ],
            "fastsam": 0.0,
            "samb": 0.7653159727853331,
            "saml": 0.5720255824155527,
            "samh": 0.8307346678737887
        },
        "m3_p3": {
            "prompt": [
                204,
                1046
            ],
            "fastsam": 0.0,
            "samb": 0.7827000387006073,
            "saml": 0.5701300195604648,
            "samh": 0.9107116600499926
        },
        "m3_p4": {
            "prompt": [
                224,
                1050
            ],
            "fastsam": 0.0,