{
    "imgid": 357,
    "adv_method": "ILPD",
    "evaluations": {
        "m0_p0": {
            "prompt": [
                131,
                316
            ],
            "fastsam": 0.0,
            "samb": 96.89895427610408,
            "saml": 99.29096363216816,
            "samh": 99.2317836837003
        },
        "m0_p1": {
            "prompt": [
                213,
                1606
            ],
            "fastsam": 0.0,
            "samb": 98.02377775188181,
            "saml": 99.27508895083962,
            "samh": 99.2873066801885
        },
        "m0_p2": {
            "prompt": [
                53,
                1401
            ],
            "fastsam": 0.0,
            "samb": 98.08640327227484,
            "saml": 99.24552071668533,
            "samh": 99.28476559460199
        },
        "m0_p3": {
            "prompt": [
                1467,
                1120
            ],
            "fastsam": 0.0,
            "samb": 98.30437218506117,
            "saml": 99.20707418152764,
            "samh": 99.2629967387999
        },
        "m0_p4": {
            "prompt": [
                185,
                1598
            ],
            "fastsam": 0.0,
            "samb": 98.1224843752053,
            "saml": 99.24450567496578,
            "samh": 99.29103133209502
        },
        "m0_p5": {
            "prompt": [
                24,
                0,
                1474,
                1669
            ],
            "fastsam": 0.0,
            "samb": 97.81308606233621,
            "saml": 99.28614274518046,
            "samh": 99.3948232820917
        },
        "m0_p6": {
            "prompt": [
                10,
                0,
                1488,
                1669
            ],
            "fastsam": 0.0,
            "samb": 97.84226523139125,
            "saml": 99.29685488997106,
            "samh": 99.39311502173891
        },
        "m0_p7": {
            "prompt": [
                0,
                0,
                1499,
                1669
            ],
            "fastsam": 0.0,
            "samb": 97.84063436296347,
            "saml": 99.29453864893516,
            "samh": 99.39253011731631
        },
        "m1_p0": {
            "prompt": [
                341,
                629
            ],
            "fastsam": 0.0,
            "samb": 98.90158686709702,
            "saml": 98.67630039771097,
            "samh": 99.13958073202596
        },
        "m1_p1": {
            "prompt": [
                1262,
                791
            ],
            "fastsam": 0.0,
            "samb": 98.05719659791083,
            "saml": 99.28426478424022,
            "samh": 98.68631141298879
        },
        "m1_p2": {
            "prompt": [
                263,
                241
            ],
            "fastsam": 0.0,
            "samb": 0.6464240155117422,
            "saml": 99.27359493391438,
            "samh": 98.864564091181
        },
        "m1_p3": {
            "prompt": [
                483,
                738
            ],
            "fastsam": 0.0,
            "samb": 4.151224820595554,
            "saml": 92.24074820976051,
            "samh": 89.28337150988912
        },
        "m1_p4": {
            "prompt": [
                792,
                805
            ],
            "fastsam": 0.0,
            "samb": 69.6547368100634,
            "saml": 76.51015547116972,
            "samh": 78.94434847458659
        },
        "m1_p5": {
            "prompt": [
                168,
                218,
                1342,
                1444
            ],
            "fastsam": 1.3839445387232034,
            "samb": 98.73892740391963,
            "saml": 98.99449043149029,
            "samh": 99.59075551366492
        },
        "m1_p6": {
            "prompt": [
                261,
                233,
                1250,
                1428
            ],
            "fastsam": 1.3839445387232034,
            "samb": 77.9584040424026,
            "saml": 79.65922667742205,
            "samh": 80.65331375040904
        },
        "m1_p7": {
            "prompt": [
                197,
                190,
                1313,
                1471
            ],
            "fastsam": 1.3839445387232034,
            "samb": 99.2287026933987,
            "saml": 99.54563097061944,
            "samh": 99.61151117370393
        },
        "m2_p0": {
            "prompt": [
                280,
                414
            ],
            "fastsam": 89.18800612825564,
            "samb": 90.91736854086047,
            "saml": 95.52102376599635,
            "samh": 96.2776889700845
        },
        "m2_p1": {
            "prompt": [
                311,
                431
            ],
            "fastsam": 89.18800612825564,
            "samb": 91.54769997733968,
            "saml": 95.75148469620831,
            "samh": 96.05383211678833
        },
        "m2_p2": {
            "prompt": [
                268,
                392
            ],
            "fastsam": 0.0,
            "samb": 89.17045700671432,
            "saml": 95.96627164995442,
            "samh": 96.44322845417237
        },
        "m2_p3": {
            "prompt": [
                350,
                437
            ],
            "fastsam": 89.18800612825564,
            "samb": 92.66096352994147,
            "saml": 96.13802559414991,
            "samh": 96.30558722919042
        },
        "m2_p4": {
            "prompt": [
                298,
                465
            ],
            "fastsam": 89.18800612825564,
            "samb": 90.62571103526734,
            "saml": 95.63129002744739,
            "samh": 95.75342465753425
        },
        "m2_p5": {
            "prompt": [
                240,
                374,
                356,
                484
            ],
            "fastsam": 89.18800612825564,
            "samb": 94.94857142857143,
            "saml": 96.05051664753157,
            "samh": 96.74610449129239
        },
        "m2_p6": {
            "prompt": [
                240,
                379,
                356,
                478
            ],
            "fastsam": 89.18800612825564,
            "samb": 94.99542961608775,
            "saml": 96.05051664753157,
            "samh": 96.67812142038946
        },
        "m2_p7": {
            "prompt": [
                237,
                380,
                358,
                478
            ],
            "fastsam": 89.18800612825564,
            "samb": 95.04679296964163,
            "saml": 95.98439651216154,
            "samh": 96.72394043528064
        },
        "m3_p0": {
            "prompt": [
                731,
                401
            ],
            "fastsam": 97.41734387175777,
            "samb": 97.70282384580905,
            "saml": 98.1719702098849,
            "samh": 98.14317673378076
        },
        "m3_p1": {
            "prompt": [
                713,
                380
            ],
            "fastsam": 97.41734387175777,
            "samb": 97.86899955136833,
            "saml": 98.16151590345139,
            "samh": 97.9054659498208
        },
        "m3_p2": {
            "prompt": [
                700,
                383
            ],
            "fastsam": 97.41734387175777,
            "samb": 97.83559493103061,
            "saml": 98.04850535815002,
            "samh": 97.93745095841274
        },
        "m3_p3": {
            "prompt": [
                661,
                325
            ],
            "fastsam": 97.41734387175777,
            "samb": 98.02300904724673,
            "saml": 97.8697024346258,
            "samh": 98.21948488241881
        },
        "m3_p4": {
            "prompt": [
                711,
                332
            ],
            "fastsam": 97.41734387175777,
            "samb": 97.86828228430383,
            "saml": 98.19596346826023,