{
    "imgid": 431,
    "adv_method": "ILPD",
    "evaluations": {
        "m0_p0": {
            "prompt": [
                433,
                846
            ],
            "fastsam": 0.0,
            "samb": 20.36570743405276,
            "saml": 0.2928826336515779,
            "samh": 35.853331095821446
        },
        "m0_p1": {
            "prompt": [
                479,
                836
            ],
            "fastsam": 0.0,
            "samb": 6.784407864654778,
            "saml": 0.2897385013626098,
            "samh": 0.29105641995846515
        },
        "m0_p2": {
            "prompt": [
                468,
                861
            ],
            "fastsam": 0.0,
            "samb": 0.13621658436914694,
            "saml": 0.2896254513352491,
            "samh": 0.2904658304216671
        },
        "m0_p3": {
            "prompt": [
                467,
                854
            ],
            "fastsam": 0.0,
            "samb": 0.29065447134885253,
            "saml": 0.28971831438461915,
            "samh": 0.29035595212753695
        },
        "m0_p4": {
            "prompt": [
                445,
                769
            ],
            "fastsam": 0.0,
            "samb": 14.785693738613482,
            "saml": 0.44002521658644167,
            "samh": 47.632629777524244
        },
        "m0_p5": {
            "prompt": [
                399,
                763,
                491,
                870
            ],
            "fastsam": 0.0,
            "samb": 62.96461658667262,
            "saml": 69.75967237848906,
            "samh": 65.10954940057876
        },
        "m0_p6": {
            "prompt": [
                398,
                768,
                492,
                865
            ],
            "fastsam": 0.0,
            "samb": 56.98504027617952,
            "saml": 66.4221407135712,
            "samh": 66.61601910136748
        },
        "m0_p7": {
            "prompt": [
                392,
                767,
                497,
                866
            ],
            "fastsam": 0.0,
            "samb": 60.58467741935484,
            "saml": 70.40598290598291,
            "samh": 69.95648944073012
        },
        "m1_p0": {
            "prompt": [
                2119,
                1374
            ],
            "fastsam": 0.0,
            "samb": 11.854951185495118,
            "saml": 30.319148936170212,
            "samh": 32.05128205128205
        },
        "m1_p1": {
            "prompt": [
                2120,
                1381
            ],
            "fastsam": 0.0,
            "samb": 15.841584158415841,
            "saml": 32.15297450424929,
            "samh": 34.52012383900929
        },
        "m1_p2": {
            "prompt": [
                2116,
                1390
            ],
            "fastsam": 0.0,
            "samb": 4.885057471264368,
            "saml": 33.284241531664215,
            "samh": 30.0
        },
        "m1_p3": {
            "prompt": [
                2120,
                1408
            ],
            "fastsam": 0.0,
            "samb": 27.512562814070353,
            "saml": 37.97678275290215,
            "samh": 39.469026548672566
        },
        "m1_p4": {
            "prompt": [
                2120,
                1400
            ],
            "fastsam": 0.0,
            "samb": 27.884615384615383,
            "saml": 35.569422776911075,
            "samh": 35.33123028391167
        },
        "m1_p5": {
            "prompt": [
                2116,
                1371,
                2120,
                1413
            ],
            "fastsam": 0.0,
            "samb": 46.68508287292818,
            "saml": 71.60493827160494,
            "samh": 64.02266288951841
        },
        "m1_p6": {
            "prompt": [
                2116,
                1369,
                2120,
                1415
            ],
            "fastsam": 0.0,
            "samb": 46.981627296587924,
            "saml": 71.03658536585365,
            "samh": 63.05555555555556
        },
        "m1_p7": {
            "prompt": [
                2116,
                1372,
                2120,
                1412
            ],
            "fastsam": 0.0,
            "samb": 46.06741573033708,
            "saml": 72.27414330218069,
            "samh": 64.36781609195403
        },
        "m2_p0": {
            "prompt": [
                1935,
                53
            ],
            "fastsam": 0.0,
            "samb": 8.023379383634431,
            "saml": 0.005097696853809532,
            "samh": 0.005110844399496091
        },
        "m2_p1": {
            "prompt": [
                1933,
                50
            ],
            "fastsam": 0.0,
            "samb": 8.738425925925926,
            "saml": 0.005097359567743908,
            "samh": 0.0051110485299135115
        },
        "m2_p2": {
            "prompt": [
                1928,
                42
            ],
            "fastsam": 0.0,
            "samb": 8.69815668202765,
            "saml": 0.005096857163109555,
            "samh": 0.00511022345890382
        },
        "m2_p3": {
            "prompt": [
                1921,
                26
            ],
            "fastsam": 0.0,
            "samb": 9.344059405940595,
            "saml": 0.005095450269080268,
            "samh": 0.005103634193132333
        },
        "m2_p4": {
            "prompt": [
                1920,
                30
            ],
            "fastsam": 0.0,
            "samb": 9.173754556500608,
            "saml": 0.005095654891204393,
            "samh": 0.005104755671518776
        },
        "m2_p5": {
            "prompt": [
                1917,
                23,
                1935,
                54
            ],
            "fastsam": 0.0,
            "samb": 31.327800829875518,
            "saml": 25.49019607843137,
            "samh": 33.333333333333336
        },
        "m2_p6": {
            "prompt": [
                1918,
                23,
                1934,
                55
            ],
            "fastsam": 0.0,
            "samb": 32.683982683982684,
            "saml": 25.794392523364486,
            "samh": 34.988179669030735
        },
        "m2_p7": {
            "prompt": [
                1917,
                22,
                1934,
                56
            ],
            "fastsam": 0.0,
            "samb": 30.879345603271982,
            "saml": 25.524475524475523,
            "samh": 33.63431151241535
        },
        "m3_p0": {
            "prompt": [
                774,
                1089
            ],
            "fastsam": 90.65469756339233,
            "samb": 96.94081616327837,
            "saml": 98.15231302930017,
            "samh": 98.69084473378707
        },
        "m3_p1": {
            "prompt": [
                1023,
                1418
            ],
            "fastsam": 90.65469756339233,
            "samb": 97.05091154162479,
            "saml": 98.06123031271399,
            "samh": 98.79739425928089
        },
        "m3_p2": {
            "prompt": [
                1358,
                1421
            ],
            "fastsam": 0.0,
            "samb": 97.43890518084066,
            "saml": 97.21583623439638,
            "samh": 97.08118560387192
        },
        "m3_p3": {
            "prompt": [
                1040,
                1428
            ],
            "fastsam": 90.65469756339233,
            "samb": 96.9521297699683,
            "saml": 98.06952671163306,
            "samh": 98.80182362159852
        },
        "m3_p4": {
            "prompt": [
                518,
                1228
            ],
            "fastsam": 90.65469756339233,
            "samb": 97.60388197257845,
            "saml": 98.11063009416905,
            "samh": 98.57982759305605
        },