{
    "imgid": 511,
    "adv_method": "ILPD",
    "evaluations": {
        "m0_p0": {
            "prompt": [
                5,
                1310
            ],
            "fastsam": 90.60288655321688,
            "samb": 97.82208751356646,
            "saml": 99.23496580353418,
            "samh": 98.93370391348446
        },
        "m0_p1": {
            "prompt": [
                272,
                1459
            ],
            "fastsam": 90.60288655321688,
            "samb": 97.51307948224431,
            "saml": 98.85385021793687,
            "samh": 98.85813137409023
        },
        "m0_p2": {
            "prompt": [
                689,
                1194
            ],
            "fastsam": 90.60288655321688,
            "samb": 97.19828421555835,
            "saml": 99.11066965420065,
            "samh": 98.12011806336938
        },
        "m0_p3": {
            "prompt": [
                745,
                1415
            ],
            "fastsam": 90.60288655321688,
            "samb": 98.57923353561121,
            "saml": 98.9176348096553,
            "samh": 98.61085616887374
        },
        "m0_p4": {
            "prompt": [
                325,
                1290
            ],
            "fastsam": 90.60288655321688,
            "samb": 98.35400574697493,
            "saml": 98.97847404611385,
            "samh": 98.45264855915372
        },
        "m0_p5": {
            "prompt": [
                0,
                1034,
                1012,
                1499
            ],
            "fastsam": 90.60288655321688,
            "samb": 98.56468634029622,
            "saml": 98.93579540403226,
            "samh": 98.89756213142375
        },
        "m0_p6": {
            "prompt": [
                43,
                1027,
                926,
                1499
            ],
            "fastsam": 90.60288655321688,
            "samb": 98.7265561562989,
            "saml": 98.99694996290495,
            "samh": 98.90658191578704
        },
        "m0_p7": {
            "prompt": [
                16,
                1032,
                954,
                1499
            ],
            "fastsam": 90.60288655321688,
            "samb": 98.69298946076329,
            "saml": 98.94870705133907,
            "samh": 98.88276248004345
        },
        "m1_p0": {
            "prompt": [
                999,
                607
            ],
            "fastsam": 94.79828326180258,
            "samb": 51.92813321647677,
            "saml": 73.83629018092394,
            "samh": 60.295544772827526
        },
        "m1_p1": {
            "prompt": [
                951,
                690
            ],
            "fastsam": 94.79828326180258,
            "samb": 15.061172209708051,
            "saml": 62.1833906980849,
            "samh": 56.264639589870505
        },
        "m1_p2": {
            "prompt": [
                994,
                648
            ],
            "fastsam": 94.79828326180258,
            "samb": 77.59229818053348,
            "saml": 58.33626450932114,
            "samh": 57.525527118419305
        },
        "m1_p3": {
            "prompt": [
                862,
                597
            ],
            "fastsam": 94.79828326180258,
            "samb": 37.50109639505307,
            "saml": 95.56387665198238,
            "samh": 82.70531400966183
        },
        "m1_p4": {
            "prompt": [
                993,
                650
            ],
            "fastsam": 94.79828326180258,
            "samb": 78.20592134334953,
            "saml": 57.60380851626554,
            "samh": 57.58727353071144
        },
        "m1_p5": {
            "prompt": [
                845,
                551,
                1120,
                770
            ],
            "fastsam": 94.78518391347268,
            "samb": 97.3021269177127,
            "saml": 98.03022958621601,
            "samh": 98.18661971830986
        },
        "m1_p6": {
            "prompt": [
                828,
                551,
                1138,
                770
            ],
            "fastsam": 94.78518391347268,
            "samb": 97.30424179078477,
            "saml": 98.0314440480909,
            "samh": 98.22677872134466
        },
        "m1_p7": {
            "prompt": [
                847,
                561,
                1119,
                761
            ],
            "fastsam": 94.78518391347268,
            "samb": 97.30744054113026,
            "saml": 97.99074686054198,
            "samh": 98.20791686847782
        },
        "m2_p0": {
            "prompt": [
                872,
                1425
            ],
            "fastsam": 10.296646772977148,
            "samb": 9.499349163058703,
            "saml": 9.467619863202733,
            "samh": 9.558931400160839
        },
        "m2_p1": {
            "prompt": [
                114,
                589
            ],
            "fastsam": 0.0,
            "samb": 98.85301578073798,
            "saml": 97.42631519636917,
            "samh": 97.8551048347105
        },
        "m2_p2": {
            "prompt": [
                1779,
                854
            ],
            "fastsam": 0.0,
            "samb": 95.89601495457377,
            "saml": 96.83180518101874,
            "samh": 97.86018895261664
        },
        "m2_p3": {
            "prompt": [
                862,
                74
            ],
            "fastsam": 0.0,
            "samb": 98.36078043705788,
            "saml": 96.29509796741911,
            "samh": 97.95955859723087
        },
        "m2_p4": {
            "prompt": [
                1939,
                976
            ],
            "fastsam": 0.0,
            "samb": 81.56425268750678,
            "saml": 98.30614942160469,
            "samh": 97.99036422813603
        },
        "m2_p5": {
            "prompt": [
                66,
                7,
                2174,
                1493
            ],
            "fastsam": 10.296646772977148,
            "samb": 98.47622510333927,
            "saml": 97.61343792968913,
            "samh": 97.77890572817826
        },
        "m2_p6": {
            "prompt": [
                0,
                45,
                2240,
                1456
            ],
            "fastsam": 10.296646772977148,
            "samb": 98.68575910884547,
            "saml": 98.15813928823053,
            "samh": 97.93313676278548
        },
        "m2_p7": {
            "prompt": [
                39,
                36,
                2201,
                1465
            ],
            "fastsam": 10.296646772977148,
            "samb": 98.41260573897038,
            "saml": 97.95163624150565,
            "samh": 97.86498559969293
        }
    }
}