{
    "imgid": 58,
    "adv_method": "ILPD",
    "evaluations": {
        "m0_p0": {
            "prompt": [
                1519,
                27
            ],
            "fastsam": 0.0,
            "samb": 99.70295369094455,
            "saml": 99.80036921492045,
            "samh": 99.8237075374173
        },
        "m0_p1": {
            "prompt": [
                1811,
                348
            ],
            "fastsam": 0.0,
            "samb": 99.6515762745593,
            "saml": 99.77517447727186,
            "samh": 99.80910136587322
        },
        "m0_p2": {
            "prompt": [
                2607,
                1328
            ],
            "fastsam": 0.0,
            "samb": 99.62699890488314,
            "saml": 99.79185870597756,
            "samh": 99.77377547620614
        },
        "m0_p3": {
            "prompt": [
                389,
                745
            ],
            "fastsam": 0.0,
            "samb": 99.55289305425623,
            "saml": 99.7921131771186,
            "samh": 99.76006546483622
        },
        "m0_p4": {
            "prompt": [
                2029,
                391
            ],
            "fastsam": 0.0,
            "samb": 99.67089072207862,
            "saml": 99.79516574264908,
            "samh": 99.80813812366543
        },
        "m0_p5": {
            "prompt": [
                0,
                0,
                2662,
                1499
            ],
            "fastsam": 0.10760031296010623,
            "samb": 99.50784326419401,
            "saml": 99.81673247620847,
            "samh": 99.82979388102318
        },
        "m0_p6": {
            "prompt": [
                19,
                0,
                2643,
                1499
            ],
            "fastsam": 0.10760031296010623,
            "samb": 99.50668201167905,
            "saml": 99.81669735783842,
            "samh": 99.83060286733232
        },
        "m0_p7": {
            "prompt": [
                120,
                61,
                2542,
                1438
            ],
            "fastsam": 0.10760031296010623,
            "samb": 98.39525116224574,
            "saml": 40.44311680635015,
            "samh": 0.06795116510789088
        },
        "m1_p0": {
            "prompt": [
                1166,
                538
            ],
            "fastsam": 95.2178166236031,
            "samb": 99.25081792315395,
            "saml": 99.79793767119295,
            "samh": 99.85941436613999
        },
        "m1_p1": {
            "prompt": [
                1491,
                609
            ],
            "fastsam": 95.2178166236031,
            "samb": 99.27368937009955,
            "saml": 99.77933187556977,
            "samh": 99.8561431430356
        },
        "m1_p2": {
            "prompt": [
                1436,
                700
            ],
            "fastsam": 95.2178166236031,
            "samb": 6.5816734664871195,
            "saml": 6.5420407479012885,
            "samh": 6.612741873470496
        },
        "m1_p3": {
            "prompt": [
                791,
                594
            ],
            "fastsam": 82.5,
            "samb": 99.31142050724202,
            "saml": 99.79758946627538,
            "samh": 99.84539954384671
        },
        "m1_p4": {
            "prompt": [
                1064,
                245
            ],
            "fastsam": 75.52028148897016,
            "samb": 99.73149046012647,
            "saml": 99.80431312085075,
            "samh": 99.84236847733592
        },
        "m1_p5": {
            "prompt": [
                741,
                71,
                1943,
                1372
            ],
            "fastsam": 77.62946407514777,
            "samb": 99.21208476830846,
            "saml": 99.8212488902042,
            "samh": 99.83758366763952
        },
        "m1_p6": {
            "prompt": [
                735,
                96,
                1949,
                1346
            ],
            "fastsam": 77.62946407514777,
            "samb": 99.2316733176625,
            "saml": 99.82077857502576,
            "samh": 99.8342095027105
        },
        "m1_p7": {
            "prompt": [
                676,
                124,
                2008,
                1319
            ],
            "fastsam": 77.62946407514777,
            "samb": 99.23759543723465,
            "saml": 99.8302539542906,
            "samh": 99.8277387130597
        },
        "m2_p0": {
            "prompt": [
                1240,
                766
            ],
            "fastsam": 6.524629606179562,
            "samb": 98.00591863262991,
            "saml": 99.0931711363008,
            "samh": 98.97654584221749
        },
        "m2_p1": {
            "prompt": [
                1308,
                638
            ],
            "fastsam": 6.524629606179562,
            "samb": 11.65869550149026,
            "saml": 18.802245789145353,
            "samh": 29.343142552336616
        },
        "m2_p2": {
            "prompt": [
                1324,
                624
            ],
            "fastsam": 6.524629606179562,
            "samb": 14.533860123379775,
            "saml": 22.163998059194565,
            "samh": 29.928047599280475
        },
        "m2_p3": {
            "prompt": [
                1361,
                590
            ],
            "fastsam": 6.951397555181868,
            "samb": 97.87480840134222,
            "saml": 98.8448662258252,
            "samh": 98.83502650176679
        },
        "m2_p4": {
            "prompt": [
                1454,
                717
            ],
            "fastsam": 6.524629606179562,
            "samb": 98.87258410880459,
            "saml": 98.97450072558911,
            "samh": 98.88794193654809
        },
        "m2_p5": {
            "prompt": [
                1170,
                525,
                1480,
                804
            ],
            "fastsam": 97.14526178614577,
            "samb": 97.76806704096026,
            "saml": 99.13166118193634,
            "samh": 98.8567483603728
        },
        "m2_p6": {
            "prompt": [
                1160,
                513,
                1489,
                817
            ],
            "fastsam": 97.14526178614577,
            "samb": 98.8464510431615,
            "saml": 99.10679719042088,
            "samh": 98.93734474192658
        },
        "m2_p7": {
            "prompt": [
                1188,
                518,
                1461,
                811
            ],
            "fastsam": 97.14526178614577,
            "samb": 94.61149934269702,
            "saml": 99.13998119573033,
            "samh": 98.86507980339096
        },
        "m3_p0": {
            "prompt": [
                1294,
                645
            ],
            "fastsam": 0.6193129398143961,
            "samb": 81.5993326182815,
            "saml": 47.29244370769443,
            "samh": 32.39649869884079
        },
        "m3_p1": {
            "prompt": [
                1308,
                688
            ],
            "fastsam": 0.6193129398143961,
            "samb": 86.48477958822787,
            "saml": 58.456415948091866,
            "samh": 32.36740096435662
        },
        "m3_p2": {
            "prompt": [
                1290,
                683
            ],
            "fastsam": 0.6193129398143961,
            "samb": 70.72616465241194,
            "saml": 44.368843960601346,
            "samh": 31.652181952662723
        },
        "m3_p3": {
            "prompt": [
                1300,
                663
            ],
            "fastsam": 0.6193129398143961,
            "samb": 88.67875647668394,
            "saml": 52.86034123369104,
            "samh": 32.50106802107562
        },
        "m3_p4": {
            "prompt": [
                1326,
                699
            ],