{
    "imgid": 785,
    "adv_method": "ILPD",
    "evaluations": {
        "m0_p0": {
            "prompt": [
                784,
                1016
            ],
            "fastsam": 98.24981301421091,
            "samb": 97.39042405609088,
            "saml": 98.81043961198567,
            "samh": 98.75192372658684
        },
        "m0_p1": {
            "prompt": [
                870,
                1049
            ],
            "fastsam": 98.24981301421091,
            "samb": 98.74800862149752,
            "saml": 98.81262778788617,
            "samh": 98.88978489582357
        },
        "m0_p2": {
            "prompt": [
                991,
                1007
            ],
            "fastsam": 98.24981301421091,
            "samb": 98.66217606885583,
            "saml": 98.8014854827819,
            "samh": 98.89866601624796
        },
        "m0_p3": {
            "prompt": [
                764,
                1040
            ],
            "fastsam": 98.24981301421091,
            "samb": 98.69271252785946,
            "saml": 98.79721539414182,
            "samh": 98.90326209223846
        },
        "m0_p4": {
            "prompt": [
                786,
                999
            ],
            "fastsam": 98.24981301421091,
            "samb": 97.76953761447272,
            "saml": 98.79142739181023,
            "samh": 98.76705387805656
        },
        "m0_p5": {
            "prompt": [
                701,
                943,
                1050,
                1177
            ],
            "fastsam": 98.24981301421091,
            "samb": 98.68776751520613,
            "saml": 98.8156017719048,
            "samh": 98.74314270684602
        },
        "m0_p6": {
            "prompt": [
                706,
                931,
                1044,
                1190
            ],
            "fastsam": 98.24981301421091,
            "samb": 98.70483341154387,
            "saml": 98.80813844363527,
            "samh": 98.75251282243974
        },
        "m0_p7": {
            "prompt": [
                702,
                922,
                1048,
                1198
            ],
            "fastsam": 98.24981301421091,
            "samb": 98.67917448405254,
            "saml": 98.80248512491319,
            "samh": 98.76380852183061
        },
        "m1_p0": {
            "prompt": [
                700,
                748
            ],
            "fastsam": 95.68380509873448,
            "samb": 97.82528110712961,
            "saml": 98.3428178350322,
            "samh": 98.49239970097184
        },
        "m1_p1": {
            "prompt": [
                633,
                683
            ],
            "fastsam": 95.68380509873448,
            "samb": 97.61890074640677,
            "saml": 98.15495854889983,
            "samh": 98.48333541380602
        },
        "m1_p2": {
            "prompt": [
                606,
                721
            ],
            "fastsam": 95.68380509873448,
            "samb": 98.04469273743017,
            "saml": 98.1651376146789,
            "samh": 98.04276008227887
        },
        "m1_p3": {
            "prompt": [
                698,
                707
            ],
            "fastsam": 95.68380509873448,
            "samb": 97.74571127763672,
            "saml": 98.50783542486109,
            "samh": 98.49947076769816
        },
        "m1_p4": {
            "prompt": [
                787,
                719
            ],
            "fastsam": 95.68380509873448,
            "samb": 98.04334365325077,
            "saml": 98.26777562378838,
            "samh": 98.43186060983199
        },
        "m1_p5": {
            "prompt": [
                581,
                667,
                789,
                765
            ],
            "fastsam": 95.68380509873448,
            "samb": 97.93133528568758,
            "saml": 98.29914957478739,
            "samh": 98.4680797849059
        },
        "m1_p6": {
            "prompt": [
                575,
                664,
                795,
                768
            ],
            "fastsam": 95.68380509873448,
            "samb": 98.04483188044831,
            "saml": 98.35511914441179,
            "samh": 98.49299649824913
        },
        "m1_p7": {
            "prompt": [
                580,
                659,
                790,
                773
            ],
            "fastsam": 95.68380509873448,
            "samb": 98.03274606237939,
            "saml": 98.2675589467759,
            "samh": 98.49943728898337
        }
    }
}