{
    "imgid": 79,
    "adv_method": "ILPD",
    "evaluations": {
        "m0_p0": {
            "prompt": [
                772,
                374
            ],
            "fastsam": 0.0,
            "samb": 0.03563227005820347,
            "saml": 0.07052732073589238,
            "samh": 0.16710305958329902
        },
        "m0_p1": {
            "prompt": [
                882,
                1990
            ],
            "fastsam": 0.0,
            "samb": 49.750360160836,
            "saml": 98.69564202401561,
            "samh": 99.0171668678529
        },
        "m0_p2": {
            "prompt": [
                1267,
                1572
            ],
            "fastsam": 0.0,
            "samb": 0.1063438956392245,
            "saml": 99.26994968157052,
            "samh": 99.64262881238412
        },
        "m0_p3": {
            "prompt": [
                1068,
                625
            ],
            "fastsam": 0.0,
            "samb": 0.07937395330206704,
            "saml": 17.59576786927626,
            "samh": 96.94914046363726
        },
        "m0_p4": {
            "prompt": [
                759,
                297
            ],
            "fastsam": 0.0,
            "samb": 0.03170043336212584,
            "saml": 97.61092653390213,
            "samh": 99.62064357323415
        },
        "m0_p5": {
            "prompt": [
                603,
                0,
                1499,
                1999
            ],
            "fastsam": 0.0,
            "samb": 99.47718899149137,
            "saml": 99.04336260624099,
            "samh": 99.48275618465728
        },
        "m0_p6": {
            "prompt": [
                622,
                0,
                1494,
                1999
            ],
            "fastsam": 0.0,
            "samb": 99.45032381125169,
            "saml": 98.90833114733353,
            "samh": 99.45136155218424
        },
        "m0_p7": {
            "prompt": [
                643,
                78,
                1472,
                1921
            ],
            "fastsam": 0.0,
            "samb": 95.46489953969126,
            "saml": 96.35543312252955,
            "samh": 99.0618889146233
        },
        "m1_p0": {
            "prompt": [
                664,
                1308
            ],
            "fastsam": 0.0,
            "samb": 83.50103170136934,
            "saml": 8.823452345391754,
            "samh": 8.883963714832921
        },
        "m1_p1": {
            "prompt": [
                613,
                511
            ],
            "fastsam": 0.0,
            "samb": 98.85172822483248,
            "saml": 8.826507305310297,
            "samh": 8.818567171067123
        },
        "m1_p2": {
            "prompt": [
                38,
                828
            ],
            "fastsam": 0.0,
            "samb": 1.4171417246820477,
            "saml": 99.45597912497242,
            "samh": 98.88936265405917
        },
        "m1_p3": {
            "prompt": [
                365,
                986
            ],
            "fastsam": 0.0,
            "samb": 94.58779177220036,
            "saml": 99.43976434520064,
            "samh": 99.17101938416867
        },
        "m1_p4": {
            "prompt": [
                430,
                320
            ],
            "fastsam": 0.0,
            "samb": 98.86599493612354,
            "saml": 99.77021658644391,
            "samh": 96.68069945755556
        },
        "m1_p5": {
            "prompt": [
                39,
                0,
                696,
                1999
            ],
            "fastsam": 0.0,
            "samb": 99.00496802835785,
            "saml": 99.68028357848179,
            "samh": 97.95235857484097
        },
        "m1_p6": {
            "prompt": [
                0,
                0,
                748,
                1999
            ],
            "fastsam": 0.0,
            "samb": 99.31222515655473,
            "saml": 99.78583348159091,
            "samh": 99.61910281221333
        },
        "m1_p7": {
            "prompt": [
                22,
                0,
                712,
                1999
            ],
            "fastsam": 0.0,
            "samb": 99.18956250187671,
            "saml": 99.7430419390387,
            "samh": 99.43263284483807
        },
        "m2_p0": {
            "prompt": [
                1277,
                1964
            ],
            "fastsam": 0.0,
            "samb": 41.05586878523834,
            "saml": 36.2,
            "samh": 0.1447215739449015
        },
        "m2_p1": {
            "prompt": [
                1278,
                1945
            ],
            "fastsam": 0.0,
            "samb": 39.055582882439744,
            "saml": 35.24550315994166,
            "samh": 0.4213223258131094
        },
        "m2_p2": {
            "prompt": [
                1277,
                1947
            ],
            "fastsam": 0.0,
            "samb": 36.86165273909006,
            "saml": 35.902741852043455,
            "samh": 0.7411920839349955
        },
        "m2_p3": {
            "prompt": [
                1285,
                1934
            ],
            "fastsam": 0.0,
            "samb": 3.329065300896287,
            "saml": 17.623941958887546,
            "samh": 6.290322580645161
        },
        "m2_p4": {
            "prompt": [
                1279,
                1994
            ],
            "fastsam": 0.0,
            "samb": 35.94357976653696,
            "saml": 17.746192893401016,
            "samh": 0.05529802396745886
        },
        "m2_p5": {
            "prompt": [
                1267,
                1934,
                1285,
                1998
            ],
            "fastsam": 0.0,
            "samb": 54.124457308248914,
            "saml": 53.33787465940055,
            "samh": 47.88391777509069
        },
        "m2_p6": {
            "prompt": [
                1266,
                1931,
                1287,
                1999
            ],
            "fastsam": 0.0,
            "samb": 51.733333333333334,
            "saml": 45.96774193548387,
            "samh": 46.48924122310306
        },
        "m2_p7": {
            "prompt": [
                1266,
                1934,
                1286,
                1998
            ],
            "fastsam": 0.0,
            "samb": 51.28378378378378,
            "saml": 48.07574832009774,
            "samh": 46.96880517951736
        },
        "m3_p0": {
            "prompt": [
                1006,
                673
            ],
            "fastsam": 0.0,
            "samb": 14.774078478002378,
            "saml": 0.16874352592907946,
            "samh": 0.1681902677845635
        },
        "m3_p1": {
            "prompt": [
                1010,
                674
            ],
            "fastsam": 0.0,
            "samb": 2.4464831804281344,
            "saml": 0.16896256243157387,
            "samh": 0.16827287974320337
        },
        "m3_p2": {
            "prompt": [
                984,
                701
            ],
            "fastsam": 0.0,
            "samb": 0.16897525126235546,
            "saml": 0.1687590854210592,
            "samh": 0.16809892871606816
        },
        "m3_p3": {
            "prompt": [
                1014,
                650
            ],
            "fastsam": 0.0,
            "samb": 0.16505725253214895,
            "saml": 0.16929927977963155,
            "samh": 0.16811810065385427
        },
        "m3_p4": {
            "prompt": [
                992,
                687
            ],
            "fastsam": 0.0,
            "samb": 0.16635199887756627,
            "saml": 0.16868246438461829,
            "samh": 0.16812100273358463
        },