{
    "imgid": 829,
    "adv_method": "ILPD",
    "evaluations": {
        "m0_p0": {
            "prompt": [
                764,
                803
            ],
            "fastsam": 40.77040876428319,
            "samb": 38.69502603301208,
            "saml": 79.80306846805587,
            "samh": 88.12578616352201
        },
        "m0_p1": {
            "prompt": [
                767,
                779
            ],
            "fastsam": 40.77040876428319,
            "samb": 39.661288476942445,
            "saml": 92.01779638838,
            "samh": 92.12057112638816
        },
        "m0_p2": {
            "prompt": [
                721,
                803
            ],
            "fastsam": 40.77040876428319,
            "samb": 39.86611265004617,
            "saml": 89.0509081606549,
            "samh": 90.2784940691078
        },
        "m0_p3": {
            "prompt": [
                730,
                800
            ],
            "fastsam": 40.77040876428319,
            "samb": 39.74861623616236,
            "saml": 88.89735772357723,
            "samh": 90.511892450879
        },
        "m0_p4": {
            "prompt": [
                722,
                799
            ],
            "fastsam": 40.77040876428319,
            "samb": 39.80358174465627,
            "saml": 90.18595041322314,
            "samh": 90.45278137128072
        },
        "m0_p5": {
            "prompt": [
                680,
                768,
                828,
                811
            ],
            "fastsam": 87.92283298097252,
            "samb": 89.32943054816391,
            "saml": 92.95698924731182,
            "samh": 91.07001321003963
        },
        "m0_p6": {
            "prompt": [
                681,
                768,
                828,
                811
            ],
            "fastsam": 87.92283298097252,
            "samb": 89.32659036465265,
            "saml": 92.98198440440979,
            "samh": 91.09878499735869
        },
        "m0_p7": {
            "prompt": [
                681,
                768,
                828,
                811
            ],
            "fastsam": 87.92283298097252,
            "samb": 89.32659036465265,
            "saml": 92.98198440440979,
            "samh": 91.09878499735869
        },
        "m1_p0": {
            "prompt": [
                843,
                742
            ],
            "fastsam": 55.47785547785548,
            "samb": 44.30951708556905,
            "saml": 93.25712071304011,
            "samh": 93.77042876369929
        },
        "m1_p1": {
            "prompt": [
                862,
                760
            ],
            "fastsam": 55.47785547785548,
            "samb": 48.70883429168845,
            "saml": 91.71052631578948,
            "samh": 93.8485198000769
        },
        "m1_p2": {
            "prompt": [
                806,
                751
            ],
            "fastsam": 55.47785547785548,
            "samb": 53.61875637104995,
            "saml": 91.7271123309155,
            "samh": 93.578866178172
        },
        "m1_p3": {
            "prompt": [
                829,
                761
            ],
            "fastsam": 55.47785547785548,
            "samb": 49.46932710677139,
            "saml": 92.86966686148452,
            "samh": 94.0104671447955
        },
        "m1_p4": {
            "prompt": [
                787,
                747
            ],
            "fastsam": 55.47785547785548,
            "samb": 57.106963388370424,
            "saml": 92.54320060105184,
            "samh": 92.88276382858221
        },
        "m1_p5": {
            "prompt": [
                780,
                704,
                956,
                782
            ],
            "fastsam": 90.1282549553051,
            "samb": 87.95045045045045,
            "saml": 92.36453201970443,
            "samh": 92.47737556561086
        },
        "m1_p6": {
            "prompt": [
                772,
                708,
                964,
                779
            ],
            "fastsam": 90.1282549553051,
            "samb": 89.37511943435888,
            "saml": 92.69406392694064,
            "samh": 92.90591805766313
        },
        "m1_p7": {
            "prompt": [
                774,
                706,
                963,
                781
            ],
            "fastsam": 90.1282549553051,
            "samb": 88.39706159352043,
            "saml": 92.26843100189036,
            "samh": 92.42652599849283
        },
        "m2_p0": {
            "prompt": [
                670,
                854
            ],
            "fastsam": 86.24006691760769,
            "samb": 80.37628970260975,
            "saml": 90.77731092436974,
            "samh": 91.37822529893015
        },
        "m2_p1": {
            "prompt": [
                632,
                851
            ],
            "fastsam": 86.24006691760769,
            "samb": 81.88153310104529,
            "saml": 90.6663863779693,
            "samh": 91.12463281577843
        },
        "m2_p2": {
            "prompt": [
                750,
                817
            ],
            "fastsam": 86.24006691760769,
            "samb": 85.32726913189639,
            "saml": 90.05687802822835,
            "samh": 91.89019279128249
        },
        "m2_p3": {
            "prompt": [
                644,
                850
            ],
            "fastsam": 86.24006691760769,
            "samb": 81.76049129989765,
            "saml": 90.62434307336557,
            "samh": 91.10178384050367
        },
        "m2_p4": {
            "prompt": [
                735,
                816
            ],
            "fastsam": 86.24006691760769,
            "samb": 84.25632911392405,
            "saml": 90.63552188552188,
            "samh": 92.54230206810111
        },
        "m2_p5": {
            "prompt": [
                592,
                808,
                753,
                873
            ],
            "fastsam": 86.24006691760769,
            "samb": 84.81981075095631,
            "saml": 91.24317513649727,
            "samh": 91.92364170337738
        },
        "m2_p6": {
            "prompt": [
                596,
                809,
                749,
                872
            ],
            "fastsam": 86.24006691760769,
            "samb": 84.20946626384693,
            "saml": 90.7983193277311,
            "samh": 91.50587248322148
        },
        "m2_p7": {
            "prompt": [
                595,
                812,
                750,
                869
            ],
            "fastsam": 86.24006691760769,
            "samb": 84.12986489211535,
            "saml": 90.70256625999158,
            "samh": 91.22770199370409
        },
        "m3_p0": {
            "prompt": [
                867,
                762
            ],
            "fastsam": 93.13579681958586,
            "samb": 79.79346638864065,
            "saml": 62.32426303854875,
            "samh": 56.92978430472694
        },
        "m3_p1": {
            "prompt": [
                782,
                765
            ],
            "fastsam": 93.13579681958586,
            "samb": 87.10610932475885,
            "saml": 80.22195363146906,
            "samh": 56.87263556116015
        },
        "m3_p2": {
            "prompt": [
                809,
                759
            ],
            "fastsam": 93.13579681958586,
            "samb": 61.468102350353135,
            "saml": 54.345561856266634,
            "samh": 56.15774907749078
        },
        "m3_p3": {
            "prompt": [
                699,
                804
            ],
            "fastsam": 93.15897670169026,
            "samb": 92.6878580253847,
            "saml": 38.66727107887579,
            "samh": 38.76100203114421
        },