{
    "imgid": 832,
    "adv_method": "ILPD",
    "evaluations": {
        "m0_p0": {
            "prompt": [
                74,
                1120
            ],
            "fastsam": 0.0,
            "samb": 99.49261969691396,
            "saml": 99.9207263300623,
            "samh": 99.88763944214179
        },
        "m0_p1": {
            "prompt": [
                24,
                1137
            ],
            "fastsam": 0.0,
            "samb": 0.030979628652869278,
            "saml": 99.91142238031317,
            "samh": 99.79873212695466
        },
        "m0_p2": {
            "prompt": [
                14,
                1473
            ],
            "fastsam": 0.0,
            "samb": 47.83633193227714,
            "saml": 99.82164673702182,
            "samh": 99.85087940805998
        },
        "m0_p3": {
            "prompt": [
                579,
                232
            ],
            "fastsam": 0.0,
            "samb": 11.939857682972809,
            "saml": 99.90866329175704,
            "samh": 99.85058086688001
        },
        "m0_p4": {
            "prompt": [
                736,
                8
            ],
            "fastsam": 0.0,
            "samb": 0.2807591104762446,
            "saml": 99.85167882339171,
            "samh": 99.71331391876862
        },
        "m0_p5": {
            "prompt": [
                0,
                14,
                1499,
                1485
            ],
            "fastsam": 0.0,
            "samb": 99.60459784726046,
            "saml": 99.90274122342876,
            "samh": 99.91290387156981
        },
        "m0_p6": {
            "prompt": [
                62,
                0,
                1436,
                1499
            ],
            "fastsam": 0.0,
            "samb": 99.52506915938334,
            "saml": 99.88854970195263,
            "samh": 99.87131813751928
        },
        "m0_p7": {
            "prompt": [
                0,
                0,
                1499,
                1499
            ],
            "fastsam": 0.0,
            "samb": 99.60612678427248,
            "saml": 99.9042349753989,
            "samh": 99.91967783491678
        },
        "m1_p0": {
            "prompt": [
                814,
                447
            ],
            "fastsam": 1.678526543111536,
            "samb": 91.73402868318122,
            "saml": 12.395376644081308,
            "samh": 96.16495928552666
        },
        "m1_p1": {
            "prompt": [
                818,
                451
            ],
            "fastsam": 1.678526543111536,
            "samb": 91.39397062612728,
            "saml": 8.096578605456907,
            "samh": 96.5165007857517
        },
        "m1_p2": {
            "prompt": [
                767,
                440
            ],
            "fastsam": 1.678526543111536,
            "samb": 91.50720838794233,
            "saml": 11.853708050498001,
            "samh": 93.61167002012073
        },
        "m1_p3": {
            "prompt": [
                702,
                447
            ],
            "fastsam": 1.678526543111536,
            "samb": 91.13493723849372,
            "saml": 78.20889261744966,
            "samh": 95.48037190082644
        },
        "m1_p4": {
            "prompt": [
                673,
                448
            ],
            "fastsam": 1.678526543111536,
            "samb": 13.42566737406456,
            "saml": 7.632745622816516,
            "samh": 7.618001285213822
        },
        "m1_p5": {
            "prompt": [
                675,
                432,
                834,
                456
            ],
            "fastsam": 92.96895047472415,
            "samb": 93.27225130890052,
            "saml": 93.22793148880105,
            "samh": 90.17127799736495
        },
        "m1_p6": {
            "prompt": [
                674,
                432,
                834,
                457
            ],
            "fastsam": 92.96895047472415,
            "samb": 93.68146214099217,
            "saml": 93.75823018172241,
            "samh": 90.98814229249012
        },
        "m1_p7": {
            "prompt": [
                677,
                431,
                831,
                458
            ],
            "fastsam": 92.96895047472415,
            "samb": 93.42379958246346,
            "saml": 93.93939393939394,
            "samh": 91.46245059288538
        },
        "m2_p0": {
            "prompt": [
                749,
                847
            ],
            "fastsam": 96.91916554670046,
            "samb": 0.9496300058975209,
            "saml": 27.295620767883047,
            "samh": 31.196163598090408
        },
        "m2_p1": {
            "prompt": [
                594,
                1104
            ],
            "fastsam": 0.0,
            "samb": 5.789185291997116,
            "saml": 98.31831625283719,
            "samh": 99.2765732598451
        },
        "m2_p2": {
            "prompt": [
                689,
                664
            ],
            "fastsam": 96.26392356546056,
            "samb": 6.762143361399521,
            "saml": 13.933075456841543,
            "samh": 6.369015599784831
        },
        "m2_p3": {
            "prompt": [
                844,
                569
            ],
            "fastsam": 96.27007580624438,
            "samb": 19.85418173053748,
            "saml": 21.758273888609402,
            "samh": 26.97855498913768
        },
        "m2_p4": {
            "prompt": [
                753,
                524
            ],
            "fastsam": 96.27007580624438,
            "samb": 20.769594972668187,
            "saml": 24.29335041992595,
            "samh": 26.98613459296448
        },
        "m2_p5": {
            "prompt": [
                577,
                410,
                930,
                1263
            ],
            "fastsam": 96.29596308815402,
            "samb": 94.7998333197297,
            "saml": 99.16291547896971,
            "samh": 99.24071652269677
        },
        "m2_p6": {
            "prompt": [
                583,
                447,
                924,
                1226
            ],
            "fastsam": 96.29596308815402,
            "samb": 94.60711232175157,
            "saml": 99.16364590186492,
            "samh": 99.08932060562762
        },
        "m2_p7": {
            "prompt": [
                586,
                398,
                921,
                1274
            ],
            "fastsam": 96.29596308815402,
            "samb": 94.59747400979465,
            "saml": 99.1693537985296,
            "samh": 99.24248941808045
        },
        "m3_p0": {
            "prompt": [
                798,
                690
            ],
            "fastsam": 6.2968747925894135,
            "samb": 85.37822314554565,
            "saml": 93.44521224086871,
            "samh": 94.82250502344273
        },
        "m3_p1": {
            "prompt": [
                684,
                679
            ],
            "fastsam": 6.2968747925894135,
            "samb": 88.07905337361531,
            "saml": 77.67144263370885,
            "samh": 94.65562161801056
        },
        "m3_p2": {
            "prompt": [
                814,
                698
            ],
            "fastsam": 6.2968747925894135,
            "samb": 70.8812066609303,
            "saml": 96.57571623465212,
            "samh": 94.99731038192577
        },
        "m3_p3": {
            "prompt": [
                762,
                666
            ],
            "fastsam": 6.2968747925894135,
            "samb": 89.89583333333333,
            "saml": 37.467004540175274,
            "samh": 94.91013948497854
        },
        "m3_p4": {
            "prompt": [
                822,
                668
            ],
            "fastsam": 6.2968747925894135,