{
    "imgid": 900,
    "adv_method": "ILPD",
    "evaluations": {
        "m0_p0": {
            "prompt": [
                1036,
                697
            ],
            "fastsam": 0.0,
            "samb": 11.975101403648571,
            "saml": 93.0591127958201,
            "samh": 94.2962616336505
        },
        "m0_p1": {
            "prompt": [
                1100,
                722
            ],
            "fastsam": 0.0,
            "samb": 16.11539374335264,
            "saml": 92.28776101204085,
            "samh": 93.70326440101078
        },
        "m0_p2": {
            "prompt": [
                1083,
                632
            ],
            "fastsam": 0.0,
            "samb": 12.89519401872314,
            "saml": 92.78197793216184,
            "samh": 93.97122748913269
        },
        "m0_p3": {
            "prompt": [
                1090,
                698
            ],
            "fastsam": 0.0,
            "samb": 13.595141520277034,
            "saml": 92.51884294153595,
            "samh": 94.03657841562614
        },
        "m0_p4": {
            "prompt": [
                1085,
                632
            ],
            "fastsam": 0.0,
            "samb": 12.919638075372777,
            "saml": 92.78124042096658,
            "samh": 93.91448218809782
        },
        "m0_p5": {
            "prompt": [
                1016,
                578,
                1124,
                801
            ],
            "fastsam": 0.0,
            "samb": 74.30535779667223,
            "saml": 95.42787673767113,
            "samh": 95.33815532442848
        },
        "m0_p6": {
            "prompt": [
                1019,
                569,
                1120,
                810
            ],
            "fastsam": 0.0,
            "samb": 75.27185191333942,
            "saml": 95.5060343002329,
            "samh": 95.34957459176664
        },
        "m0_p7": {
            "prompt": [
                1014,
                571,
                1126,
                808
            ],
            "fastsam": 0.0,
            "samb": 71.18156739324708,
            "saml": 94.58512085382442,
            "samh": 95.03412073490814
        },
        "m1_p0": {
            "prompt": [
                1572,
                1257
            ],
            "fastsam": 16.96844335623468,
            "samb": 29.825771324863883,
            "saml": 97.22830103911538,
            "samh": 98.48611250952922
        },
        "m1_p1": {
            "prompt": [
                1431,
                1220
            ],
            "fastsam": 16.96844335623468,
            "samb": 39.8736612815393,
            "saml": 97.26753788647098,
            "samh": 98.53374122728091
        },
        "m1_p2": {
            "prompt": [
                1808,
                1425
            ],
            "fastsam": 0.0,
            "samb": 1.3578964948842884,
            "saml": 97.3040688791212,
            "samh": 98.54164416117533
        },
        "m1_p3": {
            "prompt": [
                1803,
                1419
            ],
            "fastsam": 0.0,
            "samb": 1.3477304248691118,
            "saml": 97.47078192278467,
            "samh": 98.5452345629222
        },
        "m1_p4": {
            "prompt": [
                1596,
                1262
            ],
            "fastsam": 16.96844335623468,
            "samb": 37.73690361262131,
            "saml": 97.1806895352124,
            "samh": 98.49368773153977
        },
        "m1_p5": {
            "prompt": [
                1078,
                893,
                1984,
                1492
            ],
            "fastsam": 16.96844335623468,
            "samb": 1.3262844412637216,
            "saml": 97.29088792648452,
            "samh": 98.59007870500385
        },
        "m1_p6": {
            "prompt": [
                1080,
                895,
                1981,
                1491
            ],
            "fastsam": 16.96844335623468,
            "samb": 2.4434737923946557,
            "saml": 97.28015620480186,
            "samh": 98.5927462333996
        },
        "m1_p7": {
            "prompt": [
                1041,
                903,
                1999,
                1483
            ],
            "fastsam": 16.96844335623468,
            "samb": 92.65154834178263,
            "saml": 97.13067976594668,
            "samh": 98.58362045352978
        },
        "m2_p0": {
            "prompt": [
                1730,
                941
            ],
            "fastsam": 0.0,
            "samb": 29.954543268074463,
            "saml": 81.62971524640118,
            "samh": 81.89307347906242
        },
        "m2_p1": {
            "prompt": [
                1697,
                926
            ],
            "fastsam": 0.0,
            "samb": 41.32359813084112,
            "saml": 81.66517833692284,
            "samh": 81.96622881400566
        },
        "m2_p2": {
            "prompt": [
                1999,
                894
            ],
            "fastsam": 0.0,
            "samb": 41.343243676808726,
            "saml": 81.79400666393383,
            "samh": 82.23676595923779
        },
        "m2_p3": {
            "prompt": [
                1741,
                986
            ],
            "fastsam": 0.0,
            "samb": 45.740781874722344,
            "saml": 81.60767240835384,
            "samh": 81.61495917829866
        },
        "m2_p4": {
            "prompt": [
                1980,
                1004
            ],
            "fastsam": 0.0,
            "samb": 35.520766480242045,
            "saml": 81.74587309436384,
            "samh": 81.66819431714023
        },
        "m2_p5": {
            "prompt": [
                1335,
                831,
                1975,
                1041
            ],
            "fastsam": 0.5270115072849236,
            "samb": 78.81831519118506,
            "saml": 84.96609100664904,
            "samh": 84.28458619403804
        },
        "m2_p6": {
            "prompt": [
                1313,
                819,
                1997,
                1053
            ],
            "fastsam": 0.5270115072849236,
            "samb": 78.14754031931275,
            "saml": 82.15313028764805,
            "samh": 81.75704255139159
        },
        "m2_p7": {
            "prompt": [
                1345,
                813,
                1965,
                1060
            ],
            "fastsam": 0.5270115072849236,
            "samb": 78.62401832460733,
            "saml": 83.99165218911507,
            "samh": 83.81358599507266
        },
        "m3_p0": {
            "prompt": [
                220,
                1052
            ],
            "fastsam": 87.51139471285323,
            "samb": 82.28882833787466,
            "saml": 87.48874887488749,
            "samh": 86.75675675675676
        },
        "m3_p1": {
            "prompt": [
                206,
                1038
            ],
            "fastsam": 87.51139471285323,
            "samb": 82.62826282628262,
            "saml": 87.48874887488749,
            "samh": 86.53500897666068
        },
        "m3_p2": {
            "prompt": [
                202,
                1051
            ],
            "fastsam": 87.51139471285323,
            "samb": 82.9981718464351,
            "saml": 87.48874887488749,
            "samh": 86.79245283018868
        },
        "m3_p3": {
            "prompt": [
                233,
                1060
            ],
            "fastsam": 87.51139471285323,
            "samb": 77.78681855166802,
            "saml": 86.95263628239499,
            "samh": 85.98047914818102
        },
        "m3_p4": {
            "prompt": [
                190,
                1045
            ],
            "fastsam": 87.51139471285323,
            "samb": 82.8111011638317,