{
    "imgid": 357,
    "adv_method": "AA",
    "evaluations": {
        "m0_p0": {
            "prompt": [
                1387,
                1282
            ],
            "fastsam": 0.0,
            "samb": 35.28344011041914,
            "saml": 35.86775800849127,
            "samh": 36.906858291443186
        },
        "m0_p1": {
            "prompt": [
                81,
                733
            ],
            "fastsam": 0.0,
            "samb": 28.303294080482967,
            "saml": 95.29701868007415,
            "samh": 97.02368645151795
        },
        "m0_p2": {
            "prompt": [
                664,
                1604
            ],
            "fastsam": 0.0,
            "samb": 35.966008826757125,
            "saml": 31.477879554957923,
            "samh": 36.714877954213314
        },
        "m0_p3": {
            "prompt": [
                673,
                1469
            ],
            "fastsam": 0.0,
            "samb": 0.13020433482167534,
            "saml": 0.16109149136853188,
            "samh": 0.13837047488185425
        },
        "m0_p4": {
            "prompt": [
                220,
                780
            ],
            "fastsam": 0.0,
            "samb": 0.5853458251560089,
            "saml": 0.07802107175633158,
            "samh": 0.2898190221934267
        },
        "m0_p5": {
            "prompt": [
                0,
                43,
                1499,
                1625
            ],
            "fastsam": 0.0,
            "samb": 85.72660346292973,
            "saml": 95.71437884867271,
            "samh": 98.81312521227018
        },
        "m0_p6": {
            "prompt": [
                29,
                0,
                1469,
                1669
            ],
            "fastsam": 0.0,
            "samb": 86.74743551421892,
            "saml": 98.84476200123653,
            "samh": 98.76357444959926
        },
        "m0_p7": {
            "prompt": [
                73,
                57,
                1426,
                1612
            ],
            "fastsam": 0.0,
            "samb": 28.04170808047758,
            "saml": 8.25688443037123,
            "samh": 75.49114526097318
        },
        "m1_p0": {
            "prompt": [
                541,
                861
            ],
            "fastsam": 0.0,
            "samb": 60.39739131096517,
            "saml": 69.27591376410693,
            "samh": 81.93756801388054
        },
        "m1_p1": {
            "prompt": [
                765,
                1247
            ],
            "fastsam": 0.0,
            "samb": 0.21779661661859717,
            "saml": 0.2680983509249888,
            "samh": 0.3932058413935331
        },
        "m1_p2": {
            "prompt": [
                1054,
                245
            ],
            "fastsam": 0.0,
            "samb": 0.24151597250456927,
            "saml": 7.054799211609732,
            "samh": 99.07203599522735
        },
        "m1_p3": {
            "prompt": [
                921,
                1399
            ],
            "fastsam": 0.0,
            "samb": 15.37284871624831,
            "saml": 99.10314748031645,
            "samh": 98.75338765608019
        },
        "m1_p4": {
            "prompt": [
                1146,
                733
            ],
            "fastsam": 0.0,
            "samb": 55.84999277055256,
            "saml": 89.36670040408806,
            "samh": 88.57975156896005
        },
        "m1_p5": {
            "prompt": [
                206,
                134,
                1304,
                1527
            ],
            "fastsam": 1.3773238868553426,
            "samb": 98.37271043175795,
            "saml": 99.28943111258751,
            "samh": 99.37812018116912
        },
        "m1_p6": {
            "prompt": [
                229,
                166,
                1282,
                1495
            ],
            "fastsam": 1.3773238868553426,
            "samb": 98.08284662621348,
            "saml": 99.09187177344991,
            "samh": 99.4641478382169
        },
        "m1_p7": {
            "prompt": [
                194,
                165,
                1316,
                1497
            ],
            "fastsam": 1.3773238868553426,
            "samb": 98.27595451987962,
            "saml": 99.26976241491117,
            "samh": 99.3991357182705
        },
        "m2_p0": {
            "prompt": [
                289,
                458
            ],
            "fastsam": 0.0,
            "samb": 81.47644927536231,
            "saml": 95.68769859282796,
            "samh": 95.8409090909091
        },
        "m2_p1": {
            "prompt": [
                272,
                427
            ],
            "fastsam": 0.0,
            "samb": 82.70625566636446,
            "saml": 95.63447183895046,
            "samh": 96.00725952813067
        },
        "m2_p2": {
            "prompt": [
                317,
                422
            ],
            "fastsam": 0.0,
            "samb": 66.70545212765957,
            "saml": 95.63051845143762,
            "samh": 96.1800818553888
        },
        "m2_p3": {
            "prompt": [
                274,
                389
            ],
            "fastsam": 0.0,
            "samb": 69.91903674486194,
            "saml": 95.7889970568259,
            "samh": 96.04275642483512
        },
        "m2_p4": {
            "prompt": [
                276,
                402
            ],
            "fastsam": 0.0,
            "samb": 77.07736389684814,
            "saml": 95.6374321880651,
            "samh": 96.0690752101795
        },
        "m2_p5": {
            "prompt": [
                243,
                378,
                352,
                479
            ],
            "fastsam": 0.0,
            "samb": 94.93986839119583,
            "saml": 95.98814679735582,
            "samh": 96.3367463026166
        },
        "m2_p6": {
            "prompt": [
                235,
                377,
                361,
                480
            ],
            "fastsam": 0.0,
            "samb": 94.68588155820761,
            "saml": 95.90443686006826,
            "samh": 96.33924511141429
        },
        "m2_p7": {
            "prompt": [
                242,
                373,
                353,
                484
            ],
            "fastsam": 0.0,
            "samb": 94.72253680634202,
            "saml": 95.94533029612757,
            "samh": 96.36032757051865
        },
        "m3_p0": {
            "prompt": [
                688,
                362
            ],
            "fastsam": 97.29036574487066,
            "samb": 97.95918367346938,
            "saml": 97.57171899706347,
            "samh": 98.35307388606881
        },
        "m3_p1": {
            "prompt": [
                701,
                329
            ],
            "fastsam": 97.29036574487066,
            "samb": 98.0487254680803,
            "saml": 97.95618789521228,
            "samh": 98.13587871982033
        },
        "m3_p2": {
            "prompt": [
                686,
                335
            ],
            "fastsam": 97.29036574487066,
            "samb": 97.95826283135928,
            "saml": 97.67363071710898,
            "samh": 98.23218106069136
        },
        "m3_p3": {
            "prompt": [
                716,
                363
            ],
            "fastsam": 97.29036574487066,
            "samb": 98.03833145434048,
            "saml": 98.00158067065598,
            "samh": 98.11447811447812
        },
        "m3_p4": {
            "prompt": [
                701,
                387
            ],
            "fastsam": 97.29036574487066,
            "samb": 97.8903429602888,
            "saml": 97.63948497854078,
            "samh": 98.15895823978447
        },