{
    "imgid": 431,
    "adv_method": "AA",
    "evaluations": {
        "m0_p0": {
            "prompt": [
                457,
                765
            ],
            "fastsam": 0.0,
            "samb": 11.086421883764077,
            "saml": 11.047821190331803,
            "samh": 11.13706998178116
        },
        "m0_p1": {
            "prompt": [
                468,
                777
            ],
            "fastsam": 0.0,
            "samb": 11.025761725436494,
            "saml": 11.12271767752606,
            "samh": 11.14792186558816
        },
        "m0_p2": {
            "prompt": [
                438,
                850
            ],
            "fastsam": 0.0,
            "samb": 10.997124093230887,
            "saml": 11.032121028219688,
            "samh": 11.165309323763887
        },
        "m0_p3": {
            "prompt": [
                413,
                823
            ],
            "fastsam": 1.813318938018354,
            "samb": 12.463526469362234,
            "saml": 1.833946400420389,
            "samh": 9.167351583739014
        },
        "m0_p4": {
            "prompt": [
                402,
                828
            ],
            "fastsam": 1.813318938018354,
            "samb": 10.765714285714285,
            "saml": 1.8573089296817973,
            "samh": 9.747460087082729
        },
        "m0_p5": {
            "prompt": [
                393,
                763,
                496,
                870
            ],
            "fastsam": 2.27219305805845,
            "samb": 13.918061165608771,
            "saml": 49.08868637474995,
            "samh": 62.11494728137275
        },
        "m0_p6": {
            "prompt": [
                401,
                760,
                489,
                873
            ],
            "fastsam": 2.27219305805845,
            "samb": 18.782947513179007,
            "saml": 64.69870158694928,
            "samh": 58.080051369863014
        },
        "m0_p7": {
            "prompt": [
                396,
                769,
                493,
                863
            ],
            "fastsam": 2.27219305805845,
            "samb": 10.647716682199441,
            "saml": 41.0868576625739,
            "samh": 61.4435261707989
        },
        "m1_p0": {
            "prompt": [
                2116,
                1409
            ],
            "fastsam": 0.0,
            "samb": 56.416464891041166,
            "saml": 73.96825396825396,
            "samh": 71.65109034267913
        },
        "m1_p1": {
            "prompt": [
                2118,
                1373
            ],
            "fastsam": 0.0,
            "samb": 54.95283018867924,
            "saml": 74.12140575079871,
            "samh": 70.46153846153847
        },
        "m1_p2": {
            "prompt": [
                2121,
                1390
            ],
            "fastsam": 0.0,
            "samb": 55.082742316784866,
            "saml": 72.95597484276729,
            "samh": 70.98765432098766
        },
        "m1_p3": {
            "prompt": [
                2118,
                1396
            ],
            "fastsam": 0.0,
            "samb": 55.60859188544153,
            "saml": 74.91961414790997,
            "samh": 71.42857142857143
        },
        "m1_p4": {
            "prompt": [
                2121,
                1395
            ],
            "fastsam": 0.0,
            "samb": 55.21327014218009,
            "saml": 72.72727272727273,
            "samh": 70.98765432098766
        },
        "m1_p5": {
            "prompt": [
                2116,
                1371,
                2120,
                1413
            ],
            "fastsam": 0.0,
            "samb": 67.93002915451895,
            "saml": 76.3157894736842,
            "samh": 74.5928338762215
        },
        "m1_p6": {
            "prompt": [
                2116,
                1373,
                2120,
                1411
            ],
            "fastsam": 0.0,
            "samb": 71.03658536585365,
            "saml": 76.82119205298014,
            "samh": 75.82781456953643
        },
        "m1_p7": {
            "prompt": [
                2116,
                1373,
                2120,
                1411
            ],
            "fastsam": 0.0,
            "samb": 71.03658536585365,
            "saml": 76.82119205298014,
            "samh": 75.82781456953643
        },
        "m2_p0": {
            "prompt": [
                1927,
                44
            ],
            "fastsam": 0.0,
            "samb": 9.88219895287958,
            "saml": 59.51417004048583,
            "samh": 58.984375
        },
        "m2_p1": {
            "prompt": [
                1925,
                39
            ],
            "fastsam": 0.0,
            "samb": 21.72661870503597,
            "saml": 59.274193548387096,
            "samh": 58.984375
        },
        "m2_p2": {
            "prompt": [
                1925,
                37
            ],
            "fastsam": 0.0,
            "samb": 26.352530541012218,
            "saml": 59.274193548387096,
            "samh": 59.44881889763779
        },
        "m2_p3": {
            "prompt": [
                1926,
                39
            ],
            "fastsam": 0.0,
            "samb": 23.66771159874608,
            "saml": 59.274193548387096,
            "samh": 58.984375
        },
        "m2_p4": {
            "prompt": [
                1929,
                49
            ],
            "fastsam": 0.0,
            "samb": 1.4021729037050794,
            "saml": 59.36254980079681,
            "samh": 58.984375
        },
        "m2_p5": {
            "prompt": [
                1917,
                23,
                1935,
                54
            ],
            "fastsam": 0.0,
            "samb": 44.02332361516035,
            "saml": 60.1593625498008,
            "samh": 58.984375
        },
        "m2_p6": {
            "prompt": [
                1917,
                23,
                1934,
                54
            ],
            "fastsam": 0.0,
            "samb": 44.15204678362573,
            "saml": 60.88709677419355,
            "samh": 58.75486381322957
        },
        "m2_p7": {
            "prompt": [
                1917,
                22,
                1935,
                56
            ],
            "fastsam": 0.0,
            "samb": 44.02332361516035,
            "saml": 60.6425702811245,
            "samh": 58.75486381322957
        },
        "m3_p0": {
            "prompt": [
                928,
                1397
            ],
            "fastsam": 0.0,
            "samb": 78.87427893902455,
            "saml": 97.50058504232281,
            "samh": 98.34473890992214
        },
        "m3_p1": {
            "prompt": [
                1000,
                1433
            ],
            "fastsam": 0.0,
            "samb": 43.76177348954744,
            "saml": 95.49716259560819,
            "samh": 91.15982112854448
        },
        "m3_p2": {
            "prompt": [
                819,
                1206
            ],
            "fastsam": 0.0,
            "samb": 94.66045013497171,
            "saml": 97.30663397824391,
            "samh": 98.4776088766236
        },
        "m3_p3": {
            "prompt": [
                656,
                1487
            ],
            "fastsam": 0.0,
            "samb": 95.43562291315581,
            "saml": 97.16044973356001,
            "samh": 98.53491431598012
        },
        "m3_p4": {
            "prompt": [
                821,
                1053
            ],
            "fastsam": 0.0,
            "samb": 95.14240157559206,
            "saml": 97.2015479946952,
            "samh": 98.39709205450686
        },