{
    "imgid": 511,
    "adv_method": "AA",
    "evaluations": {
        "m0_p0": {
            "prompt": [
                699,
                1385
            ],
            "fastsam": 0.0,
            "samb": 59.8387148110961,
            "saml": 54.11186342914143,
            "samh": 45.994976121758654
        },
        "m0_p1": {
            "prompt": [
                225,
                1215
            ],
            "fastsam": 0.0,
            "samb": 57.53745466848521,
            "saml": 31.88853166992968,
            "samh": 61.052866230327986
        },
        "m0_p2": {
            "prompt": [
                636,
                1437
            ],
            "fastsam": 0.0,
            "samb": 59.079577806089134,
            "saml": 54.00327020029977,
            "samh": 44.83940072350246
        },
        "m0_p3": {
            "prompt": [
                183,
                1441
            ],
            "fastsam": 11.699271447227986,
            "samb": 11.766773788085313,
            "saml": 11.788899457467364,
            "samh": 11.842475946161827
        },
        "m0_p4": {
            "prompt": [
                202,
                1204
            ],
            "fastsam": 0.0,
            "samb": 56.12863754854498,
            "saml": 50.56334789606806,
            "samh": 45.14844037447365
        },
        "m0_p5": {
            "prompt": [
                0,
                1036,
                1015,
                1499
            ],
            "fastsam": 11.699271447227986,
            "samb": 69.79358101888486,
            "saml": 64.19029639183287,
            "samh": 86.20796231791785
        },
        "m0_p6": {
            "prompt": [
                7,
                1046,
                963,
                1495
            ],
            "fastsam": 11.699271447227986,
            "samb": 62.82937365010799,
            "saml": 68.39917175704443,
            "samh": 88.45394071185602
        },
        "m0_p7": {
            "prompt": [
                0,
                1023,
                1005,
                1499
            ],
            "fastsam": 11.699271447227986,
            "samb": 65.05804719532698,
            "saml": 65.35099511664406,
            "samh": 87.13098717123187
        },
        "m1_p0": {
            "prompt": [
                997,
                630
            ],
            "fastsam": 94.92778690651215,
            "samb": 95.5426769506115,
            "saml": 97.82694587119715,
            "samh": 97.25490196078431
        },
        "m1_p1": {
            "prompt": [
                912,
                582
            ],
            "fastsam": 94.92778690651215,
            "samb": 94.98728813559322,
            "saml": 97.30495835332083,
            "samh": 96.8228581308896
        },
        "m1_p2": {
            "prompt": [
                957,
                611
            ],
            "fastsam": 94.92778690651215,
            "samb": 95.37545203148267,
            "saml": 97.30118590861528,
            "samh": 97.04262607866094
        },
        "m1_p3": {
            "prompt": [
                1063,
                666
            ],
            "fastsam": 94.92778690651215,
            "samb": 94.97498091764905,
            "saml": 96.32359392822673,
            "samh": 96.14187382173704
        },
        "m1_p4": {
            "prompt": [
                939,
                616
            ],
            "fastsam": 94.92778690651215,
            "samb": 95.13178557786172,
            "saml": 97.30542838456508,
            "samh": 96.95880084910974
        },
        "m1_p5": {
            "prompt": [
                848,
                565,
                1117,
                756
            ],
            "fastsam": 94.92778690651215,
            "samb": 96.10896610896611,
            "saml": 97.52257164042395,
            "samh": 97.43210306406685
        },
        "m1_p6": {
            "prompt": [
                853,
                547,
                1113,
                774
            ],
            "fastsam": 94.92778690651215,
            "samb": 96.01216482480939,
            "saml": 97.49302406696896,
            "samh": 97.38627468035139
        },
        "m1_p7": {
            "prompt": [
                844,
                562,
                1122,
                759
            ],
            "fastsam": 94.92778690651215,
            "samb": 96.05229318474068,
            "saml": 97.4634996731314,
            "samh": 97.42373471430436
        },
        "m2_p0": {
            "prompt": [
                469,
                490
            ],
            "fastsam": 0.0,
            "samb": 0.09065693767051443,
            "saml": 0.17250702101997262,
            "samh": 0.104261791478311
        },
        "m2_p1": {
            "prompt": [
                1759,
                1418
            ],
            "fastsam": 0.0,
            "samb": 17.125264320656463,
            "saml": 25.548934999698748,
            "samh": 25.690220864368168
        },
        "m2_p2": {
            "prompt": [
                107,
                1025
            ],
            "fastsam": 0.0,
            "samb": 0.07720991279320275,
            "saml": 0.07253817645085034,
            "samh": 0.07995613618363964
        },
        "m2_p3": {
            "prompt": [
                1292,
                640
            ],
            "fastsam": 0.0,
            "samb": 18.475693527868394,
            "saml": 20.44266283924581,
            "samh": 20.275525141503493
        },
        "m2_p4": {
            "prompt": [
                395,
                548
            ],
            "fastsam": 0.0,
            "samb": 36.942651014126675,
            "saml": 31.395787163946775,
            "samh": 35.88423629276069
        },
        "m2_p5": {
            "prompt": [
                0,
                27,
                2240,
                1473
            ],
            "fastsam": 1.139572634222908,
            "samb": 60.25093642688201,
            "saml": 48.46200023715119,
            "samh": 82.09322624834947
        },
        "m2_p6": {
            "prompt": [
                0,
                0,
                2240,
                1499
            ],
            "fastsam": 1.139572634222908,
            "samb": 60.397689038208426,
            "saml": 55.60611955688697,
            "samh": 79.12708277910484
        },
        "m2_p7": {
            "prompt": [
                17,
                0,
                2222,
                1499
            ],
            "fastsam": 1.139572634222908,
            "samb": 60.41893647545483,
            "saml": 56.92525688471445,
            "samh": 76.52744286418789
        }
    }
}