{
    "imgid": 58,
    "adv_method": "AA",
    "evaluations": {
        "m0_p0": {
            "prompt": [
                585,
                1433
            ],
            "fastsam": 0.0,
            "samb": 30.57057645190801,
            "saml": 35.590243039393066,
            "samh": 36.048967455200156
        },
        "m0_p1": {
            "prompt": [
                535,
                827
            ],
            "fastsam": 0.0,
            "samb": 10.384557464769307,
            "saml": 53.927349711743176,
            "samh": 54.33573885336878
        },
        "m0_p2": {
            "prompt": [
                2436,
                1427
            ],
            "fastsam": 0.0,
            "samb": 1.1550834117471178,
            "saml": 2.342980133149049,
            "samh": 2.885111908595999
        },
        "m0_p3": {
            "prompt": [
                2498,
                499
            ],
            "fastsam": 0.0,
            "samb": 54.26317031474694,
            "saml": 54.22942137367265,
            "samh": 54.451568704958554
        },
        "m0_p4": {
            "prompt": [
                361,
                641
            ],
            "fastsam": 0.0,
            "samb": 54.08915739886221,
            "saml": 54.33107446799906,
            "samh": 54.36963657827236
        },
        "m0_p5": {
            "prompt": [
                0,
                0,
                2662,
                1499
            ],
            "fastsam": 0.5998663816359453,
            "samb": 84.03473803312521,
            "saml": 91.26890920205906,
            "samh": 91.38078539132366
        },
        "m0_p6": {
            "prompt": [
                0,
                0,
                2662,
                1499
            ],
            "fastsam": 0.5998663816359453,
            "samb": 84.03473803312521,
            "saml": 91.26890920205906,
            "samh": 91.38078539132366
        },
        "m0_p7": {
            "prompt": [
                0,
                0,
                2662,
                1499
            ],
            "fastsam": 0.5998663816359453,
            "samb": 84.03473803312521,
            "saml": 91.26890920205906,
            "samh": 91.38078539132366
        },
        "m1_p0": {
            "prompt": [
                1292,
                278
            ],
            "fastsam": 86.42113525645703,
            "samb": 70.38007338758055,
            "saml": 73.56819770999039,
            "samh": 98.7778750607513
        },
        "m1_p1": {
            "prompt": [
                1401,
                583
            ],
            "fastsam": 86.42113525645703,
            "samb": 6.8017944966098085,
            "saml": 7.029204302564374,
            "samh": 6.973536277148412
        },
        "m1_p2": {
            "prompt": [
                1106,
                1078
            ],
            "fastsam": 72.35208992758965,
            "samb": 10.349254347633735,
            "saml": 17.997695779086236,
            "samh": 23.359310088480097
        },
        "m1_p3": {
            "prompt": [
                1053,
                977
            ],
            "fastsam": 86.42113525645703,
            "samb": 0.15506870582318524,
            "saml": 0.32999932578823554,
            "samh": 0.6923425943304257
        },
        "m1_p4": {
            "prompt": [
                1381,
                826
            ],
            "fastsam": 86.42113525645703,
            "samb": 70.4161144205421,
            "saml": 71.38977452535246,
            "samh": 72.88638445665497
        },
        "m1_p5": {
            "prompt": [
                736,
                106,
                1948,
                1337
            ],
            "fastsam": 74.03397052245103,
            "samb": 69.92275133142603,
            "saml": 98.52839008862257,
            "samh": 99.29554690538939
        },
        "m1_p6": {
            "prompt": [
                691,
                140,
                1994,
                1303
            ],
            "fastsam": 74.03397052245103,
            "samb": 69.6294474504017,
            "saml": 98.48914731929044,
            "samh": 99.27423219104082
        },
        "m1_p7": {
            "prompt": [
                692,
                33,
                1993,
                1409
            ],
            "fastsam": 74.03397052245103,
            "samb": 70.08862709956615,
            "saml": 98.97506208986096,
            "samh": 99.38396262421173
        },
        "m2_p0": {
            "prompt": [
                1309,
                707
            ],
            "fastsam": 7.234059196235702,
            "samb": 92.07313815578587,
            "saml": 94.62914588775429,
            "samh": 94.18003949726004
        },
        "m2_p1": {
            "prompt": [
                1234,
                564
            ],
            "fastsam": 7.234059196235702,
            "samb": 93.7196542059764,
            "saml": 93.77288422698547,
            "samh": 94.09905025670503
        },
        "m2_p2": {
            "prompt": [
                1211,
                717
            ],
            "fastsam": 7.234059196235702,
            "samb": 93.56623959846783,
            "saml": 93.70569224353628,
            "samh": 93.77719302816351
        },
        "m2_p3": {
            "prompt": [
                1206,
                650
            ],
            "fastsam": 7.234059196235702,
            "samb": 91.84933580841792,
            "saml": 93.71873045653534,
            "samh": 94.05094709340301
        },
        "m2_p4": {
            "prompt": [
                1321,
                580
            ],
            "fastsam": 7.234059196235702,
            "samb": 93.87622236394557,
            "saml": 94.07025712118438,
            "samh": 94.26722387434006
        },
        "m2_p5": {
            "prompt": [
                1174,
                528,
                1475,
                802
            ],
            "fastsam": 93.93861442439176,
            "samb": 95.18406693835551,
            "saml": 94.89458945366162,
            "samh": 94.94352369893382
        },
        "m2_p6": {
            "prompt": [
                1163,
                523,
                1486,
                806
            ],
            "fastsam": 93.93861442439176,
            "samb": 94.2771285475793,
            "saml": 94.52256419691435,
            "samh": 94.69372189053418
        },
        "m2_p7": {
            "prompt": [
                1169,
                505,
                1480,
                825
            ],
            "fastsam": 93.93861442439176,
            "samb": 93.36700292185041,
            "saml": 94.28605135868497,
            "samh": 94.3513109987689
        },
        "m3_p0": {
            "prompt": [
                1312,
                659
            ],
            "fastsam": 0.686651463459151,
            "samb": 9.78282611801686,
            "saml": 9.083190724453111,
            "samh": 8.999027416344662
        },
        "m3_p1": {
            "prompt": [
                1287,
                686
            ],
            "fastsam": 0.686651463459151,
            "samb": 9.702010683972624,
            "saml": 9.09175408312309,
            "samh": 8.970965882291285
        },
        "m3_p2": {
            "prompt": [
                1358,
                687
            ],
            "fastsam": 0.686651463459151,
            "samb": 9.71398575603666,
            "saml": 9.101906255815809,
            "samh": 8.978494623655914
        },
        "m3_p3": {
            "prompt": [
                1299,
                695
            ],
            "fastsam": 0.686651463459151,
            "samb": 9.681159420289855,
            "saml": 9.09187480911976,
            "samh": 8.982263735110458
        },