{
    "imgid": 785,
    "adv_method": "AA",
    "evaluations": {
        "m0_p0": {
            "prompt": [
                900,
                1087
            ],
            "fastsam": 98.12656430946244,
            "samb": 98.87905825897879,
            "saml": 98.72493399988765,
            "samh": 98.6371539137425
        },
        "m0_p1": {
            "prompt": [
                842,
                1012
            ],
            "fastsam": 98.12656430946244,
            "samb": 98.81288969610725,
            "saml": 98.71420550252667,
            "samh": 98.65609988598344
        },
        "m0_p2": {
            "prompt": [
                841,
                947
            ],
            "fastsam": 98.12656430946244,
            "samb": 98.66194411648956,
            "saml": 98.54383469341919,
            "samh": 98.65059879678392
        },
        "m0_p3": {
            "prompt": [
                857,
                994
            ],
            "fastsam": 98.12656430946244,
            "samb": 98.83557405636496,
            "saml": 98.69775100101036,
            "samh": 98.63935406698565
        },
        "m0_p4": {
            "prompt": [
                753,
                978
            ],
            "fastsam": 98.12656430946244,
            "samb": 98.74377504025162,
            "saml": 98.68780652165775,
            "samh": 98.59318075665577
        },
        "m0_p5": {
            "prompt": [
                700,
                939,
                1050,
                1182
            ],
            "fastsam": 98.12656430946244,
            "samb": 98.884096024006,
            "saml": 98.79136528876063,
            "samh": 98.84900178086043
        },
        "m0_p6": {
            "prompt": [
                698,
                945,
                1052,
                1175
            ],
            "fastsam": 98.12656430946244,
            "samb": 98.88790953247192,
            "saml": 98.79707700955593,
            "samh": 98.8266386759386
        },
        "m0_p7": {
            "prompt": [
                722,
                924,
                1029,
                1196
            ],
            "fastsam": 98.12656430946244,
            "samb": 98.8446895103059,
            "saml": 98.78364195217033,
            "samh": 98.86218789832796
        },
        "m1_p0": {
            "prompt": [
                752,
                703
            ],
            "fastsam": 95.46593339443935,
            "samb": 97.78121137206428,
            "saml": 98.29842931937172,
            "samh": 98.37176061152196
        },
        "m1_p1": {
            "prompt": [
                716,
                709
            ],
            "fastsam": 95.46593339443935,
            "samb": 97.78162269047766,
            "saml": 98.29240932319581,
            "samh": 98.36055393404956
        },
        "m1_p2": {
            "prompt": [
                642,
                761
            ],
            "fastsam": 95.46593339443935,
            "samb": 97.31357963976149,
            "saml": 98.24112767417202,
            "samh": 98.35321899080289
        },
        "m1_p3": {
            "prompt": [
                624,
                762
            ],
            "fastsam": 95.46593339443935,
            "samb": 96.96579624862082,
            "saml": 98.22765851223166,
            "samh": 98.30434782608695
        },
        "m1_p4": {
            "prompt": [
                669,
                724
            ],
            "fastsam": 95.46593339443935,
            "samb": 97.7868447082097,
            "saml": 98.3653606189169,
            "samh": 98.49862945427361
        },
        "m1_p5": {
            "prompt": [
                573,
                659,
                797,
                772
            ],
            "fastsam": 95.46593339443935,
            "samb": 98.05307539682539,
            "saml": 98.45087138484602,
            "samh": 98.57677902621722
        },
        "m1_p6": {
            "prompt": [
                583,
                666,
                786,
                765
            ],
            "fastsam": 95.46593339443935,
            "samb": 97.96702615594397,
            "saml": 98.38850718301062,
            "samh": 98.55208138301192
        },
        "m1_p7": {
            "prompt": [
                579,
                659,
                791,
                773
            ],
            "fastsam": 95.46593339443935,
            "samb": 98.00967261904762,
            "saml": 98.41963895308889,
            "samh": 98.5705368289638
        }
    }
}