{
    "imgid": 79,
    "adv_method": "AA",
    "evaluations": {
        "m0_p0": {
            "prompt": [
                938,
                1195
            ],
            "fastsam": 0.0,
            "samb": 7.990033191977162,
            "saml": 8.59623568353792,
            "samh": 17.925300292920753
        },
        "m0_p1": {
            "prompt": [
                1229,
                339
            ],
            "fastsam": 0.0,
            "samb": 7.2662185191965785,
            "saml": 6.835866705821207,
            "samh": 6.752130871184429
        },
        "m0_p2": {
            "prompt": [
                1136,
                1385
            ],
            "fastsam": 0.0,
            "samb": 1.0158883063490562,
            "saml": 6.434696492924537,
            "samh": 7.432707229296115
        },
        "m0_p3": {
            "prompt": [
                1389,
                1393
            ],
            "fastsam": 0.0,
            "samb": 19.371477139183877,
            "saml": 19.27141324309899,
            "samh": 19.293358592401088
        },
        "m0_p4": {
            "prompt": [
                1096,
                528
            ],
            "fastsam": 0.0,
            "samb": 32.27971787689787,
            "saml": 32.09119117255886,
            "samh": 33.728550521616675
        },
        "m0_p5": {
            "prompt": [
                662,
                0,
                1454,
                1999
            ],
            "fastsam": 15.164594832855691,
            "samb": 29.798676100225318,
            "saml": 21.574513079056654,
            "samh": 49.19523537109648
        },
        "m0_p6": {
            "prompt": [
                630,
                38,
                1485,
                1960
            ],
            "fastsam": 15.164594832855691,
            "samb": 43.634893524015574,
            "saml": 52.73926501762448,
            "samh": 46.062263083555344
        },
        "m0_p7": {
            "prompt": [
                606,
                89,
                1499,
                1910
            ],
            "fastsam": 15.164594832855691,
            "samb": 20.007813320605976,
            "saml": 35.49839820869667,
            "samh": 34.11174143693846
        },
        "m1_p0": {
            "prompt": [
                311,
                893
            ],
            "fastsam": 48.69128460047638,
            "samb": 5.260419872713979,
            "saml": 4.895662396274204,
            "samh": 17.031148892215253
        },
        "m1_p1": {
            "prompt": [
                182,
                391
            ],
            "fastsam": 0.0,
            "samb": 45.56177022129614,
            "saml": 46.830200605201185,
            "samh": 49.02683750149189
        },
        "m1_p2": {
            "prompt": [
                497,
                1030
            ],
            "fastsam": 48.69128460047638,
            "samb": 3.491494337062597,
            "saml": 13.132218463954409,
            "samh": 92.10058158911644
        },
        "m1_p3": {
            "prompt": [
                615,
                1122
            ],
            "fastsam": 48.69128460047638,
            "samb": 12.147054871590464,
            "saml": 97.02357421636191,
            "samh": 99.39601305796435
        },
        "m1_p4": {
            "prompt": [
                496,
                594
            ],
            "fastsam": 48.69128460047638,
            "samb": 0.7448289115528804,
            "saml": 0.6520443384144647,
            "samh": 0.9722111704818942
        },
        "m1_p5": {
            "prompt": [
                0,
                0,
                749,
                1999
            ],
            "fastsam": 48.69128460047638,
            "samb": 88.77577417180356,
            "saml": 92.75709314313241,
            "samh": 99.20484443391103
        },
        "m1_p6": {
            "prompt": [
                0,
                0,
                736,
                1999
            ],
            "fastsam": 48.69128460047638,
            "samb": 89.04822425421676,
            "saml": 92.55217372708712,
            "samh": 99.17274172741728
        },
        "m1_p7": {
            "prompt": [
                27,
                0,
                708,
                1999
            ],
            "fastsam": 48.69128460047638,
            "samb": 89.637265290298,
            "saml": 92.15575188833144,
            "samh": 99.076708221047
        },
        "m2_p0": {
            "prompt": [
                1271,
                1988
            ],
            "fastsam": 0.3596597812879708,
            "samb": 2.3618905763757745,
            "saml": 1.5665519978830378,
            "samh": 1.5485491071428572
        },
        "m2_p1": {
            "prompt": [
                1272,
                1985
            ],
            "fastsam": 0.3596597812879708,
            "samb": 2.414486921529175,
            "saml": 1.5666349105536148,
            "samh": 1.548792186273655
        },
        "m2_p2": {
            "prompt": [
                1280,
                1951
            ],
            "fastsam": 0.3596597812879708,
            "samb": 3.6808290155440413,
            "saml": 1.570152948457254,
            "samh": 1.5483061043014315
        },
        "m2_p3": {
            "prompt": [
                1273,
                1994
            ],
            "fastsam": 0.3596597812879708,
            "samb": 2.209669793714385,
            "saml": 1.566938998782446,
            "samh": 1.5477124183006536
        },
        "m2_p4": {
            "prompt": [
                1276,
                1996
            ],
            "fastsam": 0.3596597812879708,
            "samb": 2.252435064935065,
            "saml": 1.5676305476114818,
            "samh": 1.5472809325503998
        },
        "m2_p5": {
            "prompt": [
                1266,
                1936,
                1286,
                1995
            ],
            "fastsam": 1.52853085463465,
            "samb": 52.3219814241486,
            "saml": 46.72236503856041,
            "samh": 60.440528634361236
        },
        "m2_p6": {
            "prompt": [
                1267,
                1935,
                1286,
                1996
            ],
            "fastsam": 1.52853085463465,
            "samb": 52.61538461538461,
            "saml": 46.97068403908795,
            "samh": 61.93029490616622
        },
        "m2_p7": {
            "prompt": [
                1267,
                1930,
                1286,
                1999
            ],
            "fastsam": 1.52853085463465,
            "samb": 53.00506879073136,
            "saml": 49.1580310880829,
            "samh": 63.433476394849784
        },
        "m3_p0": {
            "prompt": [
                967,
                694
            ],
            "fastsam": 7.331521573177807,
            "samb": 7.081367924528302,
            "saml": 7.12280701754386,
            "samh": 7.05432642186957
        },
        "m3_p1": {
            "prompt": [
                954,
                690
            ],
            "fastsam": 7.331521573177807,
            "samb": 7.08805476864967,
            "saml": 7.111150049646633,
            "samh": 7.040993071593533
        },
        "m3_p2": {
            "prompt": [
                978,
                697
            ],
            "fastsam": 7.331521573177807,
            "samb": 7.047127481744333,
            "saml": 7.120308663626798,
            "samh": 7.04706734250543
        },
        "m3_p3": {
            "prompt": [
                947,
                696
            ],
            "fastsam": 7.331521573177807,
            "samb": 7.076180099531788,
            "saml": 7.112811824501957,
            "samh": 7.047833882815663
        },