{
    "imgid": 829,
    "adv_method": "AA",
    "evaluations": {
        "m0_p0": {
            "prompt": [
                769,
                786
            ],
            "fastsam": 86.77124183006536,
            "samb": 38.31897961408482,
            "saml": 93.46041832141911,
            "samh": 92.82666666666667
        },
        "m0_p1": {
            "prompt": [
                770,
                773
            ],
            "fastsam": 86.77124183006536,
            "samb": 38.71998237497246,
            "saml": 93.33508956796628,
            "samh": 92.61923794297896
        },
        "m0_p2": {
            "prompt": [
                761,
                772
            ],
            "fastsam": 86.77124183006536,
            "samb": 38.37690631808279,
            "saml": 91.06187929717342,
            "samh": 92.37668161434978
        },
        "m0_p3": {
            "prompt": [
                721,
                787
            ],
            "fastsam": 86.77124183006536,
            "samb": 37.884656767807186,
            "saml": 93.17343173431735,
            "samh": 92.13097438605756
        },
        "m0_p4": {
            "prompt": [
                809,
                773
            ],
            "fastsam": 86.77124183006536,
            "samb": 37.891002902289586,
            "saml": 42.05407969639469,
            "samh": 91.09062980030723
        },
        "m0_p5": {
            "prompt": [
                693,
                771,
                816,
                807
            ],
            "fastsam": 86.77124183006536,
            "samb": 87.36842105263158,
            "saml": 91.97019867549669,
            "samh": 91.95276023070585
        },
        "m0_p6": {
            "prompt": [
                681,
                769,
                828,
                810
            ],
            "fastsam": 86.77124183006536,
            "samb": 89.07628437986507,
            "saml": 93.98862713241267,
            "samh": 92.55376344086021
        },
        "m0_p7": {
            "prompt": [
                687,
                771,
                821,
                808
            ],
            "fastsam": 86.77124183006536,
            "samb": 88.91509433962264,
            "saml": 93.04562946673997,
            "samh": 92.44201909959072
        },
        "m1_p0": {
            "prompt": [
                789,
                764
            ],
            "fastsam": 91.88149288187765,
            "samb": 90.03917179630666,
            "saml": 92.73616861121566,
            "samh": 92.11016002977298
        },
        "m1_p1": {
            "prompt": [
                810,
                767
            ],
            "fastsam": 91.88149288187765,
            "samb": 22.594637223974765,
            "saml": 93.0161750713606,
            "samh": 92.03424530057696
        },
        "m1_p2": {
            "prompt": [
                933,
                710
            ],
            "fastsam": 91.802336717104,
            "samb": 12.314597970335676,
            "saml": 85.85221674876847,
            "samh": 92.71771771771772
        },
        "m1_p3": {
            "prompt": [
                877,
                737
            ],
            "fastsam": 91.88149288187765,
            "samb": 53.45591493132477,
            "saml": 92.8061607813674,
            "samh": 91.81784524250277
        },
        "m1_p4": {
            "prompt": [
                854,
                744
            ],
            "fastsam": 91.88149288187765,
            "samb": 53.883983458142396,
            "saml": 93.3257055682685,
            "samh": 92.34503360716953
        },
        "m1_p5": {
            "prompt": [
                776,
                706,
                961,
                780
            ],
            "fastsam": 91.88149288187765,
            "samb": 89.0085406609729,
            "saml": 93.1093720175606,
            "samh": 92.94629349470499
        },
        "m1_p6": {
            "prompt": [
                774,
                704,
                962,
                783
            ],
            "fastsam": 91.88149288187765,
            "samb": 87.87545787545787,
            "saml": 92.70003792188092,
            "samh": 92.70911831198191
        },
        "m1_p7": {
            "prompt": [
                777,
                704,
                959,
                782
            ],
            "fastsam": 91.88149288187765,
            "samb": 88.23854224185533,
            "saml": 92.85035177790455,
            "samh": 92.84500660751368
        },
        "m2_p0": {
            "prompt": [
                696,
                851
            ],
            "fastsam": 88.00757416368609,
            "samb": 88.25843860012425,
            "saml": 92.44173840016796,
            "samh": 92.44258872651356
        },
        "m2_p1": {
            "prompt": [
                604,
                864
            ],
            "fastsam": 88.00757416368609,
            "samb": 89.26424870466322,
            "saml": 92.43061396131203,
            "samh": 92.19043641678847
        },
        "m2_p2": {
            "prompt": [
                716,
                837
            ],
            "fastsam": 88.00757416368609,
            "samb": 88.11449906658369,
            "saml": 92.24156007548753,
            "samh": 92.12285833681571
        },
        "m2_p3": {
            "prompt": [
                656,
                867
            ],
            "fastsam": 88.00757416368609,
            "samb": 88.99896800825593,
            "saml": 92.32704402515724,
            "samh": 92.49374478732277
        },
        "m2_p4": {
            "prompt": [
                741,
                826
            ],
            "fastsam": 88.00757416368609,
            "samb": 89.26272066458982,
            "saml": 91.61940768746062,
            "samh": 92.13882500522685
        },
        "m2_p5": {
            "prompt": [
                583,
                812,
                761,
                869
            ],
            "fastsam": 88.00757416368609,
            "samb": 88.79650800249428,
            "saml": 92.43820695433598,
            "samh": 91.52719665271967
        },
        "m2_p6": {
            "prompt": [
                584,
                814,
                761,
                868
            ],
            "fastsam": 88.00757416368609,
            "samb": 88.43594009983362,
            "saml": 92.37057220708446,
            "samh": 91.39807450816241
        },
        "m2_p7": {
            "prompt": [
                595,
                809,
                750,
                872
            ],
            "fastsam": 88.00757416368609,
            "samb": 88.37112544206366,
            "saml": 92.28673234122826,
            "samh": 91.71721397197238
        },
        "m3_p0": {
            "prompt": [
                744,
                779
            ],
            "fastsam": 40.06247107820454,
            "samb": 89.04371875332411,
            "saml": 39.45211631301224,
            "samh": 38.55190330961256
        },
        "m3_p1": {
            "prompt": [
                882,
                748
            ],
            "fastsam": 55.66048600714039,
            "samb": 88.40279293039494,
            "saml": 57.39219712525667,
            "samh": 57.18322595230021
        },
        "m3_p2": {
            "prompt": [
                900,
                748
            ],
            "fastsam": 55.66048600714039,
            "samb": 88.47579590056694,
            "saml": 57.28144259301529,
            "samh": 57.20090293453725
        },
        "m3_p3": {
            "prompt": [
                699,
                807
            ],
            "fastsam": 40.06247107820454,
            "samb": 88.43900397572715,
            "saml": 38.56915377616014,
            "samh": 38.44938494526577
        },