{
    "imgid": 832,
    "adv_method": "AA",
    "evaluations": {
        "m0_p0": {
            "prompt": [
                684,
                319
            ],
            "fastsam": 40.7489989801304,
            "samb": 18.034875491278637,
            "saml": 48.86787387605459,
            "samh": 50.45057204944165
        },
        "m0_p1": {
            "prompt": [
                463,
                562
            ],
            "fastsam": 40.7489989801304,
            "samb": 0.8093054436985094,
            "saml": 0.6663608548982927,
            "samh": 0.6658129836520201
        },
        "m0_p2": {
            "prompt": [
                163,
                131
            ],
            "fastsam": 1.8706814671593524,
            "samb": 1.8059330471453168,
            "saml": 1.789795748618742,
            "samh": 1.7823247770786608
        },
        "m0_p3": {
            "prompt": [
                101,
                977
            ],
            "fastsam": 4.0898090469480834,
            "samb": 3.7551593284293876,
            "saml": 3.734589253455698,
            "samh": 3.78733431252867
        },
        "m0_p4": {
            "prompt": [
                791,
                287
            ],
            "fastsam": 40.7489989801304,
            "samb": 0.1338300035213179,
            "saml": 47.32596496313574,
            "samh": 0.14150020096913443
        },
        "m0_p5": {
            "prompt": [
                20,
                0,
                1478,
                1499
            ],
            "fastsam": 40.7489989801304,
            "samb": 47.48871660678408,
            "saml": 81.78831151560611,
            "samh": 82.7461656541025
        },
        "m0_p6": {
            "prompt": [
                0,
                50,
                1499,
                1449
            ],
            "fastsam": 40.7489989801304,
            "samb": 48.05639877580192,
            "saml": 85.34987306819353,
            "samh": 82.77741142438201
        },
        "m0_p7": {
            "prompt": [
                0,
                45,
                1499,
                1454
            ],
            "fastsam": 40.7489989801304,
            "samb": 48.08558048172141,
            "saml": 83.560674997298,
            "samh": 82.80469674141774
        },
        "m1_p0": {
            "prompt": [
                716,
                451
            ],
            "fastsam": 1.0740363389370011,
            "samb": 91.48882113821138,
            "saml": 89.77767037216046,
            "samh": 93.87909319899245
        },
        "m1_p1": {
            "prompt": [
                740,
                450
            ],
            "fastsam": 1.0740363389370011,
            "samb": 92.01424211597151,
            "saml": 61.6779297840778,
            "samh": 92.0935960591133
        },
        "m1_p2": {
            "prompt": [
                812,
                438
            ],
            "fastsam": 1.0740363389370011,
            "samb": 93.4133265254021,
            "saml": 89.9327246516098,
            "samh": 96.27329192546584
        },
        "m1_p3": {
            "prompt": [
                681,
                442
            ],
            "fastsam": 1.6723292307285538,
            "samb": 92.06948640483384,
            "saml": 95.24055871702018,
            "samh": 95.98757442402278
        },
        "m1_p4": {
            "prompt": [
                725,
                445
            ],
            "fastsam": 1.6723292307285538,
            "samb": 92.48777977874968,
            "saml": 90.1040406484394,
            "samh": 72.71844660194175
        },
        "m1_p5": {
            "prompt": [
                667,
                430,
                841,
                458
            ],
            "fastsam": 91.77230922197366,
            "samb": 92.17152829718275,
            "saml": 95.62099871959028,
            "samh": 95.59055118110236
        },
        "m1_p6": {
            "prompt": [
                671,
                431,
                838,
                457
            ],
            "fastsam": 91.77230922197366,
            "samb": 93.41438703140831,
            "saml": 96.39054790963387,
            "samh": 94.54976303317535
        },
        "m1_p7": {
            "prompt": [
                669,
                432,
                840,
                457
            ],
            "fastsam": 91.77230922197366,
            "samb": 93.36540896429476,
            "saml": 96.34620367970977,
            "samh": 94.54976303317535
        },
        "m2_p0": {
            "prompt": [
                691,
                618
            ],
            "fastsam": 96.85489298405798,
            "samb": 26.54712414394972,
            "saml": 26.771568888850663,
            "samh": 27.00774193548387
        },
        "m2_p1": {
            "prompt": [
                832,
                1197
            ],
            "fastsam": 97.83867414680559,
            "samb": 7.710357548849281,
            "saml": 7.298425762286235,
            "samh": 26.68500569512798
        },
        "m2_p2": {
            "prompt": [
                743,
                608
            ],
            "fastsam": 96.85489298405798,
            "samb": 21.615789043793015,
            "saml": 26.607619875167224,
            "samh": 26.980993303139396
        },
        "m2_p3": {
            "prompt": [
                804,
                1230
            ],
            "fastsam": 71.05630105268594,
            "samb": 7.427630958605851,
            "saml": 7.293207222699914,
            "samh": 37.71383134187226
        },
        "m2_p4": {
            "prompt": [
                688,
                630
            ],
            "fastsam": 96.85489298405798,
            "samb": 26.519626811126876,
            "saml": 26.82363565991485,
            "samh": 26.98642097973685
        },
        "m2_p5": {
            "prompt": [
                594,
                459,
                913,
                1213
            ],
            "fastsam": 96.85315134965985,
            "samb": 96.85720185143762,
            "saml": 99.2104470547739,
            "samh": 99.28761439061975
        },
        "m2_p6": {
            "prompt": [
                590,
                454,
                917,
                1218
            ],
            "fastsam": 96.85315134965985,
            "samb": 97.24707501720579,
            "saml": 99.25884822519313,
            "samh": 99.35999793408882
        },
        "m2_p7": {
            "prompt": [
                590,
                444,
                917,
                1228
            ],
            "fastsam": 96.85315134965985,
            "samb": 97.59166175768704,
            "saml": 99.24298470485006,
            "samh": 99.43463688112315
        },
        "m3_p0": {
            "prompt": [
                720,
                663
            ],
            "fastsam": 6.251982378854626,
            "samb": 91.63735834310278,
            "saml": 59.923018357160984,
            "samh": 94.5276612742161
        },
        "m3_p1": {
            "prompt": [
                651,
                668
            ],
            "fastsam": 6.251982378854626,
            "samb": 87.78232812112186,
            "saml": 71.30347257171616,
            "samh": 94.84405262806385
        },
        "m3_p2": {
            "prompt": [
                750,
                667
            ],
            "fastsam": 6.251982378854626,
            "samb": 91.66829649911989,
            "saml": 55.613986892194184,
            "samh": 94.68099305926322
        },
        "m3_p3": {
            "prompt": [
                676,
                644
            ],
            "fastsam": 6.244603429135315,
            "samb": 23.396946564885496,
            "saml": 94.90062236498694,
            "samh": 22.588375309595033
        },