{
    "imgid": 900,
    "adv_method": "AA",
    "evaluations": {
        "m0_p0": {
            "prompt": [
                1038,
                680
            ],
            "fastsam": 0.0,
            "samb": 65.06417228627366,
            "saml": 71.21087152900515,
            "samh": 77.01500127129418
        },
        "m0_p1": {
            "prompt": [
                1052,
                664
            ],
            "fastsam": 0.0,
            "samb": 64.97432559485065,
            "saml": 70.98163592936294,
            "samh": 76.84081494631837
        },
        "m0_p2": {
            "prompt": [
                1067,
                680
            ],
            "fastsam": 0.0,
            "samb": 65.10069545059403,
            "saml": 70.7625629612276,
            "samh": 77.16893039049236
        },
        "m0_p3": {
            "prompt": [
                1109,
                776
            ],
            "fastsam": 0.5819649164428864,
            "samb": 65.5877404725331,
            "saml": 71.81623422994525,
            "samh": 75.34507772020726
        },
        "m0_p4": {
            "prompt": [
                1109,
                669
            ],
            "fastsam": 0.0,
            "samb": 65.28499291604606,
            "saml": 70.8061427845727,
            "samh": 74.7535326979954
        },
        "m0_p5": {
            "prompt": [
                1023,
                566,
                1117,
                814
            ],
            "fastsam": 0.5819649164428864,
            "samb": 90.19627783992678,
            "saml": 90.70635721493441,
            "samh": 91.88558677350645
        },
        "m0_p6": {
            "prompt": [
                1022,
                568,
                1118,
                811
            ],
            "fastsam": 0.5819649164428864,
            "samb": 90.05325893989348,
            "saml": 90.56042737627256,
            "samh": 91.72742000810045
        },
        "m0_p7": {
            "prompt": [
                1015,
                574,
                1125,
                805
            ],
            "fastsam": 0.5819649164428864,
            "samb": 87.56722401486262,
            "saml": 89.26494707022513,
            "samh": 90.44744849603433
        },
        "m1_p0": {
            "prompt": [
                1711,
                1484
            ],
            "fastsam": 0.0,
            "samb": 14.962014381177427,
            "saml": 39.383470811341276,
            "samh": 70.51037665539185
        },
        "m1_p1": {
            "prompt": [
                1592,
                1267
            ],
            "fastsam": 17.503857811669043,
            "samb": 49.6609199513556,
            "saml": 54.15620390689643,
            "samh": 54.244745573239506
        },
        "m1_p2": {
            "prompt": [
                1529,
                1305
            ],
            "fastsam": 17.503857811669043,
            "samb": 50.062974074493376,
            "saml": 54.28546767557614,
            "samh": 54.257134662268754
        },
        "m1_p3": {
            "prompt": [
                1524,
                1261
            ],
            "fastsam": 17.503857811669043,
            "samb": 49.94483161184234,
            "saml": 54.252733026467205,
            "samh": 54.42075027040966
        },
        "m1_p4": {
            "prompt": [
                1807,
                1388
            ],
            "fastsam": 0.0,
            "samb": 14.80213348651706,
            "saml": 42.587216595345105,
            "samh": 77.00183549386257
        },
        "m1_p5": {
            "prompt": [
                1021,
                916,
                1999,
                1470
            ],
            "fastsam": 17.503857811669043,
            "samb": 52.23802001053186,
            "saml": 91.95841582792376,
            "samh": 95.39824258037196
        },
        "m1_p6": {
            "prompt": [
                1080,
                886,
                1982,
                1499
            ],
            "fastsam": 17.503857811669043,
            "samb": 50.22859741720824,
            "saml": 92.71442173372161,
            "samh": 95.50478894221648
        },
        "m1_p7": {
            "prompt": [
                1061,
                862,
                1999,
                1499
            ],
            "fastsam": 17.503857811669043,
            "samb": 69.04288052373158,
            "saml": 92.06743129014788,
            "samh": 95.61222404644968
        },
        "m2_p0": {
            "prompt": [
                1855,
                960
            ],
            "fastsam": 8.159191094581224,
            "samb": 41.71983568588035,
            "saml": 41.89464238816423,
            "samh": 42.248533684152825
        },
        "m2_p1": {
            "prompt": [
                1590,
                888
            ],
            "fastsam": 8.159191094581224,
            "samb": 18.150440371340157,
            "saml": 12.260633499712203,
            "samh": 10.574247033038516
        },
        "m2_p2": {
            "prompt": [
                1879,
                924
            ],
            "fastsam": 8.159191094581224,
            "samb": 41.64602677548527,
            "saml": 41.848422346074514,
            "samh": 41.93721638862705
        },
        "m2_p3": {
            "prompt": [
                1842,
                896
            ],
            "fastsam": 8.159191094581224,
            "samb": 41.64384458434714,
            "saml": 41.98929566342758,
            "samh": 42.060514305774966
        },
        "m2_p4": {
            "prompt": [
                1808,
                982
            ],
            "fastsam": 8.159191094581224,
            "samb": 41.724687343125915,
            "saml": 41.899526979677645,
            "samh": 42.29256374015274
        },
        "m2_p5": {
            "prompt": [
                1310,
                817,
                1999,
                1055
            ],
            "fastsam": 8.159191094581224,
            "samb": 41.602538065493505,
            "saml": 41.53864309316397,
            "samh": 41.87551222878834
        },
        "m2_p6": {
            "prompt": [
                1295,
                832,
                1999,
                1040
            ],
            "fastsam": 8.159191094581224,
            "samb": 47.021410432635186,
            "saml": 50.474420213110854,
            "samh": 42.55529416819739
        },
        "m2_p7": {
            "prompt": [
                1327,
                826,
                1983,
                1046
            ],
            "fastsam": 8.159191094581224,
            "samb": 41.34854612610835,
            "saml": 42.04240267254743,
            "samh": 42.186419658241604
        },
        "m3_p0": {
            "prompt": [
                220,
                1054
            ],
            "fastsam": 0.0,
            "samb": 1.2605416131371077,
            "saml": 1.2762395363811976,
            "samh": 1.284044675943922
        },
        "m3_p1": {
            "prompt": [
                221,
                1053
            ],
            "fastsam": 0.0,
            "samb": 1.260573681867328,
            "saml": 1.2767328008245298,
            "samh": 1.2849270664505672
        },
        "m3_p2": {
            "prompt": [
                237,
                1055
            ],
            "fastsam": 0.0,
            "samb": 1.2607821683926617,
            "saml": 1.2710505726781844,
            "samh": 1.2532881424524485
        },
        "m3_p3": {
            "prompt": [
                221,
                1059
            ],
            "fastsam": 0.0,
            "samb": 1.2603332061554113,
            "saml": 1.2733370167165636,
            "samh": 1.27296082209377
        },
        "m3_p4": {
            "prompt": [
                210,
                1059
            ],