{
    "imgid": 357,
    "adv_method": "TAP",
    "evaluations": {
        "m0_p0": {
            "prompt": [
                1032,
                159
            ],
            "fastsam": 0.0,
            "samb": 0.07346829145406651,
            "saml": 97.97435580552904,
            "samh": 0.2132950397053544
        },
        "m0_p1": {
            "prompt": [
                1432,
                1097
            ],
            "fastsam": 0.0,
            "samb": 1.6100709252206435,
            "saml": 98.87613282464817,
            "samh": 98.88532480053803
        },
        "m0_p2": {
            "prompt": [
                341,
                161
            ],
            "fastsam": 0.0,
            "samb": 0.093130056431021,
            "saml": 30.365809495667087,
            "samh": 0.09532444984362752
        },
        "m0_p3": {
            "prompt": [
                1356,
                108
            ],
            "fastsam": 0.0,
            "samb": 0.0653929236956745,
            "saml": 98.64653853500896,
            "samh": 99.04141272128484
        },
        "m0_p4": {
            "prompt": [
                178,
                1030
            ],
            "fastsam": 0.0,
            "samb": 0.06354963322908502,
            "saml": 98.65432032848099,
            "samh": 98.90077164954323
        },
        "m0_p5": {
            "prompt": [
                0,
                38,
                1499,
                1631
            ],
            "fastsam": 0.0,
            "samb": 74.5167970789517,
            "saml": 98.64769057519817,
            "samh": 98.66666432825049
        },
        "m0_p6": {
            "prompt": [
                0,
                16,
                1499,
                1652
            ],
            "fastsam": 0.0,
            "samb": 79.11008376927447,
            "saml": 98.64681895978316,
            "samh": 98.69759905445727
        },
        "m0_p7": {
            "prompt": [
                0,
                0,
                1499,
                1669
            ],
            "fastsam": 0.0,
            "samb": 79.00175113186526,
            "saml": 98.65966896145595,
            "samh": 98.68875086266391
        },
        "m1_p0": {
            "prompt": [
                1200,
                447
            ],
            "fastsam": 0.0,
            "samb": 1.7322453600842458,
            "saml": 85.86240085214844,
            "samh": 95.77028909376814
        },
        "m1_p1": {
            "prompt": [
                819,
                1350
            ],
            "fastsam": 0.0,
            "samb": 0.07975222020135914,
            "saml": 82.18953328209304,
            "samh": 71.31796631838486
        },
        "m1_p2": {
            "prompt": [
                1273,
                1197
            ],
            "fastsam": 0.0,
            "samb": 0.03561454108228633,
            "saml": 99.08613026114553,
            "samh": 98.7400739302915
        },
        "m1_p3": {
            "prompt": [
                1114,
                1391
            ],
            "fastsam": 0.0,
            "samb": 24.355806753436433,
            "saml": 82.84208603803451,
            "samh": 97.7059806514376
        },
        "m1_p4": {
            "prompt": [
                960,
                846
            ],
            "fastsam": 0.0,
            "samb": 75.84557900264065,
            "saml": 78.76399278577244,
            "samh": 85.41642251501818
        },
        "m1_p5": {
            "prompt": [
                171,
                235,
                1339,
                1427
            ],
            "fastsam": 1.3694095443926122,
            "samb": 76.03733571873008,
            "saml": 80.23080962201405,
            "samh": 86.53717077476847
        },
        "m1_p6": {
            "prompt": [
                229,
                220,
                1282,
                1442
            ],
            "fastsam": 1.3694095443926122,
            "samb": 82.31467234060688,
            "saml": 80.57987778428851,
            "samh": 92.48474859242654
        },
        "m1_p7": {
            "prompt": [
                215,
                148,
                1296,
                1513
            ],
            "fastsam": 1.3694095443926122,
            "samb": 94.66454275423581,
            "saml": 99.37961626655861,
            "samh": 99.42266970011845
        },
        "m2_p0": {
            "prompt": [
                283,
                382
            ],
            "fastsam": 0.0,
            "samb": 0.309037077297709,
            "saml": 0.34700501429614805,
            "samh": 2.2308051574577954
        },
        "m2_p1": {
            "prompt": [
                266,
                439
            ],
            "fastsam": 0.0,
            "samb": 0.9266561514195584,
            "saml": 0.32693918172660297,
            "samh": 78.8045471213788
        },
        "m2_p2": {
            "prompt": [
                316,
                466
            ],
            "fastsam": 0.0,
            "samb": 0.3190869403395159,
            "saml": 0.3348980858229635,
            "samh": 61.68430335097002
        },
        "m2_p3": {
            "prompt": [
                293,
                416
            ],
            "fastsam": 0.0,
            "samb": 0.3447320112989876,
            "saml": 0.3357638508541737,
            "samh": 75.97995346339717
        },
        "m2_p4": {
            "prompt": [
                281,
                427
            ],
            "fastsam": 0.0,
            "samb": 0.6895117979279998,
            "saml": 0.3380317366671049,
            "samh": 55.77909270216963
        },
        "m2_p5": {
            "prompt": [
                239,
                373,
                357,
                485
            ],
            "fastsam": 0.0,
            "samb": 19.701181375955525,
            "saml": 82.60698861405575,
            "samh": 96.16953762466002
        },
        "m2_p6": {
            "prompt": [
                236,
                376,
                359,
                481
            ],
            "fastsam": 0.0,
            "samb": 18.439468159552135,
            "saml": 82.46195864221615,
            "samh": 96.23497391698798
        },
        "m2_p7": {
            "prompt": [
                240,
                381,
                356,
                477
            ],
            "fastsam": 0.0,
            "samb": 19.49529056335525,
            "saml": 83.38639076800636,
            "samh": 96.04904632152588
        },
        "m3_p0": {
            "prompt": [
                658,
                396
            ],
            "fastsam": 97.41042527067754,
            "samb": 0.9222495303841213,
            "saml": 97.21289456010746,
            "samh": 97.96352243482153
        },
        "m3_p1": {
            "prompt": [
                720,
                380
            ],
            "fastsam": 97.41042527067754,
            "samb": 0.9667809136478679,
            "saml": 97.24616590171276,
            "samh": 97.68715083798882
        },
        "m3_p2": {
            "prompt": [
                676,
                358
            ],
            "fastsam": 97.41042527067754,
            "samb": 0.9113529301505499,
            "saml": 97.38108561835479,
            "samh": 98.00828018350677
        },
        "m3_p3": {
            "prompt": [
                659,
                362
            ],
            "fastsam": 97.41042527067754,
            "samb": 0.9129179436342799,
            "saml": 97.26886053279605,
            "samh": 97.94022165006157
        },
        "m3_p4": {
            "prompt": [
                714,
                331
            ],
            "fastsam": 97.41042527067754,
            "samb": 0.9387304050776154,
            "saml": 97.32482650548467,
            "samh": 97.67519839052196
        },