{
    "imgid": 431,
    "adv_method": "TAP",
    "evaluations": {
        "m0_p0": {
            "prompt": [
                466,
                775
            ],
            "fastsam": 0.0,
            "samb": 67.47404844290658,
            "saml": 62.75751503006012,
            "samh": 50.28283707341331
        },
        "m0_p1": {
            "prompt": [
                485,
                815
            ],
            "fastsam": 0.0,
            "samb": 16.878282391291226,
            "saml": 44.28082947275535,
            "samh": 0.2902320941943078
        },
        "m0_p2": {
            "prompt": [
                421,
                816
            ],
            "fastsam": 0.0,
            "samb": 34.45752829541557,
            "saml": 70.21185989566699,
            "samh": 45.51664317467201
        },
        "m0_p3": {
            "prompt": [
                464,
                855
            ],
            "fastsam": 0.0,
            "samb": 49.19782266150981,
            "saml": 71.1504052205031,
            "samh": 55.0422447872258
        },
        "m0_p4": {
            "prompt": [
                447,
                793
            ],
            "fastsam": 0.0,
            "samb": 28.304947283049472,
            "saml": 73.7527114967462,
            "samh": 70.26547018134231
        },
        "m0_p5": {
            "prompt": [
                397,
                763,
                492,
                870
            ],
            "fastsam": 0.0,
            "samb": 72.28479091176183,
            "saml": 78.5404259614414,
            "samh": 72.83214766391079
        },
        "m0_p6": {
            "prompt": [
                396,
                760,
                494,
                873
            ],
            "fastsam": 0.0,
            "samb": 72.3167099067935,
            "saml": 78.23751740600756,
            "samh": 73.14699990460745
        },
        "m0_p7": {
            "prompt": [
                396,
                762,
                494,
                871
            ],
            "fastsam": 0.0,
            "samb": 72.4888716856977,
            "saml": 78.47291625024985,
            "samh": 73.04015296367113
        },
        "m1_p0": {
            "prompt": [
                2118,
                1382
            ],
            "fastsam": 0.0,
            "samb": 52.75779376498801,
            "saml": 62.73972602739726,
            "samh": 61.82795698924731
        },
        "m1_p1": {
            "prompt": [
                2116,
                1394
            ],
            "fastsam": 0.0,
            "samb": 55.84415584415584,
            "saml": 63.18681318681319,
            "samh": 60.317460317460316
        },
        "m1_p2": {
            "prompt": [
                2118,
                1375
            ],
            "fastsam": 0.0,
            "samb": 49.45054945054945,
            "saml": 61.891891891891895,
            "samh": 60.949868073878626
        },
        "m1_p3": {
            "prompt": [
                2117,
                1403
            ],
            "fastsam": 0.0,
            "samb": 51.91387559808612,
            "saml": 62.67029972752044,
            "samh": 59.48051948051948
        },
        "m1_p4": {
            "prompt": [
                2116,
                1386
            ],
            "fastsam": 0.0,
            "samb": 54.22885572139303,
            "saml": 63.53591160220994,
            "samh": 61.394101876675606
        },
        "m1_p5": {
            "prompt": [
                2116,
                1373,
                2120,
                1412
            ],
            "fastsam": 0.0,
            "samb": 72.03947368421052,
            "saml": 72.04968944099379,
            "samh": 66.5680473372781
        },
        "m1_p6": {
            "prompt": [
                2116,
                1371,
                2120,
                1413
            ],
            "fastsam": 0.0,
            "samb": 71.75324675324676,
            "saml": 71.82662538699691,
            "samh": 66.66666666666667
        },
        "m1_p7": {
            "prompt": [
                2116,
                1370,
                2120,
                1415
            ],
            "fastsam": 0.0,
            "samb": 71.01910828025478,
            "saml": 71.47239263803681,
            "samh": 66.1807580174927
        },
        "m2_p0": {
            "prompt": [
                1927,
                37
            ],
            "fastsam": 0.0,
            "samb": 8.040468583599575,
            "saml": 0.005132702452819927,
            "samh": 0.005103361662060123
        },
        "m2_p1": {
            "prompt": [
                1926,
                43
            ],
            "fastsam": 0.0,
            "samb": 7.783505154639175,
            "saml": 0.005127512056444739,
            "samh": 0.00510436568622281
        },
        "m2_p2": {
            "prompt": [
                1933,
                52
            ],
            "fastsam": 0.0,
            "samb": 6.198686371100164,
            "saml": 0.005152396632175181,
            "samh": 0.00510741640833625
        },
        "m2_p3": {
            "prompt": [
                1919,
                28
            ],
            "fastsam": 0.0,
            "samb": 7.27710843373494,
            "saml": 0.005105862104528156,
            "samh": 0.005100877452263726
        },
        "m2_p4": {
            "prompt": [
                1932,
                50
            ],
            "fastsam": 0.0,
            "samb": 6.929784304726939,
            "saml": 0.005158555549785868,
            "samh": 0.005106279946556524
        },
        "m2_p5": {
            "prompt": [
                1917,
                22,
                1934,
                55
            ],
            "fastsam": 0.0,
            "samb": 28.9272030651341,
            "saml": 26.428571428571427,
            "samh": 25.041459369817577
        },
        "m2_p6": {
            "prompt": [
                1917,
                22,
                1934,
                56
            ],
            "fastsam": 0.0,
            "samb": 28.171641791044777,
            "saml": 26.102292768959437,
            "samh": 24.315619967793882
        },
        "m2_p7": {
            "prompt": [
                1917,
                24,
                1934,
                54
            ],
            "fastsam": 0.0,
            "samb": 31.458333333333332,
            "saml": 27.884615384615383,
            "samh": 26.548672566371682
        },
        "m3_p0": {
            "prompt": [
                1089,
                1038
            ],
            "fastsam": 91.27540710804708,
            "samb": 95.99410209535326,
            "saml": 98.02859507434148,
            "samh": 98.60236181176799
        },
        "m3_p1": {
            "prompt": [
                892,
                1034
            ],
            "fastsam": 91.27540710804708,
            "samb": 95.58889495232899,
            "saml": 98.03793982254415,
            "samh": 98.64051006512561
        },
        "m3_p2": {
            "prompt": [
                1288,
                1496
            ],
            "fastsam": 91.27540710804708,
            "samb": 96.00181528089759,
            "saml": 60.5104310070952,
            "samh": 97.07535077479457
        },
        "m3_p3": {
            "prompt": [
                804,
                1032
            ],
            "fastsam": 91.27540710804708,
            "samb": 95.56230256430763,
            "saml": 97.96457777333771,
            "samh": 98.5643805631322
        },
        "m3_p4": {
            "prompt": [
                868,
                1331
            ],
            "fastsam": 91.27540710804708,
            "samb": 95.30634673504899,
            "saml": 97.98953094763762,
            "samh": 98.65419039406694
        },