{
    "imgid": 511,
    "adv_method": "TAP",
    "evaluations": {
        "m0_p0": {
            "prompt": [
                46,
                1071
            ],
            "fastsam": 0.0,
            "samb": 98.38047505189311,
            "saml": 99.03901982001003,
            "samh": 98.87049678412185
        },
        "m0_p1": {
            "prompt": [
                599,
                1336
            ],
            "fastsam": 0.0,
            "samb": 98.53663504913476,
            "saml": 98.89375865023396,
            "samh": 98.43334947200377
        },
        "m0_p2": {
            "prompt": [
                21,
                1381
            ],
            "fastsam": 0.0,
            "samb": 97.71063331425528,
            "saml": 99.08314473097319,
            "samh": 98.75244995846971
        },
        "m0_p3": {
            "prompt": [
                533,
                1397
            ],
            "fastsam": 0.0,
            "samb": 98.35298453681186,
            "saml": 98.90220416562241,
            "samh": 98.51053170972885
        },
        "m0_p4": {
            "prompt": [
                239,
                1185
            ],
            "fastsam": 0.0,
            "samb": 98.59054744717847,
            "saml": 99.01246372988658,
            "samh": 98.59233385541931
        },
        "m0_p5": {
            "prompt": [
                44,
                1029,
                926,
                1499
            ],
            "fastsam": 0.0,
            "samb": 98.80014391671315,
            "saml": 98.9808938197524,
            "samh": 98.88088449305614
        },
        "m0_p6": {
            "prompt": [
                36,
                1034,
                933,
                1499
            ],
            "fastsam": 0.0,
            "samb": 98.77714297030488,
            "saml": 98.96861001328381,
            "samh": 98.87834283136952
        },
        "m0_p7": {
            "prompt": [
                3,
                1044,
                966,
                1497
            ],
            "fastsam": 0.0,
            "samb": 98.70832329539267,
            "saml": 98.95229654620273,
            "samh": 98.870028603121
        },
        "m1_p0": {
            "prompt": [
                942,
                564
            ],
            "fastsam": 94.75016084066051,
            "samb": 47.4087367591701,
            "saml": 96.39524647887323,
            "samh": 83.73711567262797
        },
        "m1_p1": {
            "prompt": [
                910,
                577
            ],
            "fastsam": 94.75016084066051,
            "samb": 50.52742154330984,
            "saml": 96.42433038659453,
            "samh": 85.03191723530706
        },
        "m1_p2": {
            "prompt": [
                1047,
                643
            ],
            "fastsam": 94.72714022377502,
            "samb": 45.18924655111426,
            "saml": 41.790186274943586,
            "samh": 46.65693817988856
        },
        "m1_p3": {
            "prompt": [
                923,
                691
            ],
            "fastsam": 94.75016084066051,
            "samb": 12.382805589952238,
            "saml": 54.940239043824704,
            "samh": 42.95462601914215
        },
        "m1_p4": {
            "prompt": [
                1117,
                725
            ],
            "fastsam": 94.72714022377502,
            "samb": 54.16887709991158,
            "saml": 41.3666356671538,
            "samh": 41.34572819831784
        },
        "m1_p5": {
            "prompt": [
                854,
                548,
                1112,
                773
            ],
            "fastsam": 94.74113155750011,
            "samb": 97.24558727391589,
            "saml": 97.97797356828194,
            "samh": 98.17365664744972
        },
        "m1_p6": {
            "prompt": [
                854,
                552,
                1112,
                769
            ],
            "fastsam": 94.74113155750011,
            "samb": 97.24934612031386,
            "saml": 97.97779540047581,
            "samh": 98.15165251067201
        },
        "m1_p7": {
            "prompt": [
                853,
                562,
                1113,
                760
            ],
            "fastsam": 94.74113155750011,
            "samb": 97.23821989528795,
            "saml": 97.96880507578427,
            "samh": 98.16469345539369
        },
        "m2_p0": {
            "prompt": [
                348,
                482
            ],
            "fastsam": 0.0,
            "samb": 98.65476498545164,
            "saml": 97.1285551361164,
            "samh": 97.91492265753531
        },
        "m2_p1": {
            "prompt": [
                417,
                621
            ],
            "fastsam": 0.0,
            "samb": 98.7178107575649,
            "saml": 97.26027916149908,
            "samh": 97.92792775730211
        },
        "m2_p2": {
            "prompt": [
                1684,
                1379
            ],
            "fastsam": 0.0,
            "samb": 94.32571191381436,
            "saml": 97.87287838661106,
            "samh": 97.81662683065719
        },
        "m2_p3": {
            "prompt": [
                1854,
                1386
            ],
            "fastsam": 0.0,
            "samb": 97.83617775449073,
            "saml": 97.80860981524873,
            "samh": 97.9292535198997
        },
        "m2_p4": {
            "prompt": [
                1782,
                1407
            ],
            "fastsam": 0.0,
            "samb": 97.3702567844995,
            "saml": 97.72350850965707,
            "samh": 97.87426593787603
        },
        "m2_p5": {
            "prompt": [
                2,
                31,
                2237,
                1470
            ],
            "fastsam": 9.401656634576723e-05,
            "samb": 98.89841927772574,
            "saml": 98.28051964777688,
            "samh": 97.95832624418834
        },
        "m2_p6": {
            "prompt": [
                0,
                39,
                2240,
                1461
            ],
            "fastsam": 9.401656634576723e-05,
            "samb": 98.78391305939115,
            "saml": 98.25725570014066,
            "samh": 97.9384082457357
        },
        "m2_p7": {
            "prompt": [
                0,
                0,
                2240,
                1499
            ],
            "fastsam": 9.401656634576723e-05,
            "samb": 99.1056875433158,
            "saml": 98.35602653488448,
            "samh": 98.11214741456021
        }
    }
}