{
    "imgid": 58,
    "adv_method": "TAP",
    "evaluations": {
        "m0_p0": {
            "prompt": [
                1804,
                1123
            ],
            "fastsam": 0.0,
            "samb": 0.8809923240830136,
            "saml": 85.88581557794237,
            "samh": 90.73889549190855
        },
        "m0_p1": {
            "prompt": [
                1026,
                1411
            ],
            "fastsam": 0.0,
            "samb": 0.10984742396883458,
            "saml": 99.330530276176,
            "samh": 99.74094466268676
        },
        "m0_p2": {
            "prompt": [
                1493,
                1298
            ],
            "fastsam": 0.0,
            "samb": 0.03208512126381604,
            "saml": 99.40344129860271,
            "samh": 99.51827501651964
        },
        "m0_p3": {
            "prompt": [
                1140,
                1354
            ],
            "fastsam": 0.0,
            "samb": 0.02864055192525027,
            "saml": 36.65521203383761,
            "samh": 99.70037532155358
        },
        "m0_p4": {
            "prompt": [
                2425,
                349
            ],
            "fastsam": 0.0,
            "samb": 13.130741368246856,
            "saml": 99.4360647875137,
            "samh": 99.7285737525724
        },
        "m0_p5": {
            "prompt": [
                76,
                34,
                2586,
                1464
            ],
            "fastsam": 2.678358981505714,
            "samb": 71.88651609697787,
            "saml": 99.56443892690011,
            "samh": 99.77093851911084
        },
        "m0_p6": {
            "prompt": [
                9,
                0,
                2652,
                1499
            ],
            "fastsam": 2.678358981505714,
            "samb": 75.55303980418626,
            "saml": 99.57956742659292,
            "samh": 99.797173436576
        },
        "m0_p7": {
            "prompt": [
                32,
                33,
                2630,
                1466
            ],
            "fastsam": 2.678358981505714,
            "samb": 74.37400460848436,
            "saml": 99.58394422421338,
            "samh": 99.79857338341867
        },
        "m1_p0": {
            "prompt": [
                1081,
                278
            ],
            "fastsam": 77.00541781129337,
            "samb": 0.15370206035470826,
            "saml": 98.44241131055746,
            "samh": 99.07743664779508
        },
        "m1_p1": {
            "prompt": [
                1550,
                760
            ],
            "fastsam": 77.00541781129337,
            "samb": 16.659442092916517,
            "saml": 97.48883450652254,
            "samh": 97.0529657117763
        },
        "m1_p2": {
            "prompt": [
                997,
                1150
            ],
            "fastsam": 0.0,
            "samb": 0.05902848944455831,
            "saml": 0.9470568352540198,
            "samh": 99.68431356851214
        },
        "m1_p3": {
            "prompt": [
                1217,
                437
            ],
            "fastsam": 77.00541781129337,
            "samb": 0.024508508734686737,
            "saml": 91.29716605092088,
            "samh": 98.08077421376886
        },
        "m1_p4": {
            "prompt": [
                1632,
                644
            ],
            "fastsam": 77.00541781129337,
            "samb": 0.0798120953590542,
            "saml": 98.73223049990115,
            "samh": 99.38215313528588
        },
        "m1_p5": {
            "prompt": [
                642,
                61,
                2043,
                1382
            ],
            "fastsam": 71.69332614476072,
            "samb": 97.38057653898184,
            "saml": 98.81660847953003,
            "samh": 99.4086074399589
        },
        "m1_p6": {
            "prompt": [
                644,
                64,
                2040,
                1378
            ],
            "fastsam": 71.69332614476072,
            "samb": 97.28512805097445,
            "saml": 98.79337284360038,
            "samh": 99.39867473413607
        },
        "m1_p7": {
            "prompt": [
                705,
                139,
                1979,
                1304
            ],
            "fastsam": 71.69332614476072,
            "samb": 96.5533797049164,
            "saml": 98.4021297647747,
            "samh": 99.26398443243716
        },
        "m2_p0": {
            "prompt": [
                1306,
                618
            ],
            "fastsam": 6.402524264089148,
            "samb": 1.8229708186040063,
            "saml": 89.94402935111539,
            "samh": 92.11971693825878
        },
        "m2_p1": {
            "prompt": [
                1269,
                771
            ],
            "fastsam": 6.402524264089148,
            "samb": 2.3539197338323974,
            "saml": 89.77345449891207,
            "samh": 91.46322600603233
        },
        "m2_p2": {
            "prompt": [
                1231,
                570
            ],
            "fastsam": 6.402524264089148,
            "samb": 1.352831104026613,
            "saml": 90.18368733416226,
            "samh": 91.70244311222845
        },
        "m2_p3": {
            "prompt": [
                1187,
                676
            ],
            "fastsam": 6.402524264089148,
            "samb": 3.5696226750304074,
            "saml": 89.7244326177622,
            "samh": 91.32057084973522
        },
        "m2_p4": {
            "prompt": [
                1278,
                561
            ],
            "fastsam": 6.402524264089148,
            "samb": 0.7291883274416026,
            "saml": 89.8728172517244,
            "samh": 91.91342932174229
        },
        "m2_p5": {
            "prompt": [
                1168,
                506,
                1482,
                823
            ],
            "fastsam": 8.781284123569778,
            "samb": 22.264388037195275,
            "saml": 89.46345799733317,
            "samh": 91.03532907059355
        },
        "m2_p6": {
            "prompt": [
                1158,
                501,
                1491,
                829
            ],
            "fastsam": 8.781284123569778,
            "samb": 23.861047126937684,
            "saml": 89.2631206032694,
            "samh": 90.9891241392625
        },
        "m2_p7": {
            "prompt": [
                1176,
                520,
                1473,
                809
            ],
            "fastsam": 8.781284123569778,
            "samb": 23.176964149504194,
            "saml": 90.11493958631989,
            "samh": 91.31520099849186
        },
        "m3_p0": {
            "prompt": [
                1329,
                639
            ],
            "fastsam": 0.607722792489338,
            "samb": 19.701837810050122,
            "saml": 9.76970492551795,
            "samh": 9.029526961980245
        },
        "m3_p1": {
            "prompt": [
                1347,
                669
            ],
            "fastsam": 0.607722792489338,
            "samb": 27.61793486198335,
            "saml": 9.64502042541203,
            "samh": 9.032385726535189
        },
        "m3_p2": {
            "prompt": [
                1353,
                641
            ],
            "fastsam": 0.607722792489338,
            "samb": 12.770704816905106,
            "saml": 9.769983733340943,
            "samh": 9.01051467975628
        },
        "m3_p3": {
            "prompt": [
                1301,
                641
            ],
            "fastsam": 0.607722792489338,
            "samb": 49.282786885245905,
            "saml": 9.796122755561914,
            "samh": 9.041808625835248
        },