{
    "imgid": 785,
    "adv_method": "TAP",
    "evaluations": {
        "m0_p0": {
            "prompt": [
                1008,
                1080
            ],
            "fastsam": 98.07294095700028,
            "samb": 98.92890639654848,
            "saml": 98.90887920673077,
            "samh": 98.86367905037376
        },
        "m0_p1": {
            "prompt": [
                975,
                989
            ],
            "fastsam": 98.07294095700028,
            "samb": 98.91610096388253,
            "saml": 98.84704073789393,
            "samh": 98.88724174813758
        },
        "m0_p2": {
            "prompt": [
                932,
                974
            ],
            "fastsam": 98.07294095700028,
            "samb": 98.921625625926,
            "saml": 98.8413513817541,
            "samh": 98.89093229244858
        },
        "m0_p3": {
            "prompt": [
                834,
                1066
            ],
            "fastsam": 98.07294095700028,
            "samb": 98.86101364156643,
            "saml": 98.86734425983573,
            "samh": 98.96856949966244
        },
        "m0_p4": {
            "prompt": [
                805,
                1088
            ],
            "fastsam": 98.07294095700028,
            "samb": 98.8593084557513,
            "saml": 98.8728432108027,
            "samh": 98.96118507406713
        },
        "m0_p5": {
            "prompt": [
                703,
                926,
                1047,
                1194
            ],
            "fastsam": 98.07294095700028,
            "samb": 98.88184308281114,
            "saml": 98.90651961887613,
            "samh": 98.87307013260208
        },
        "m0_p6": {
            "prompt": [
                710,
                941,
                1041,
                1179
            ],
            "fastsam": 98.07294095700028,
            "samb": 98.87777506708953,
            "saml": 98.90845664772408,
            "samh": 98.86737166363005
        },
        "m0_p7": {
            "prompt": [
                702,
                938,
                1048,
                1182
            ],
            "fastsam": 98.07294095700028,
            "samb": 98.88184308281114,
            "saml": 98.91033215176579,
            "samh": 98.86557857370921
        },
        "m1_p0": {
            "prompt": [
                686,
                741
            ],
            "fastsam": 95.73051551429269,
            "samb": 98.07299089162898,
            "saml": 98.53161709572606,
            "samh": 98.54160174509192
        },
        "m1_p1": {
            "prompt": [
                731,
                676
            ],
            "fastsam": 95.73051551429269,
            "samb": 98.10350170436938,
            "saml": 98.3270911360799,
            "samh": 98.1654810932235
        },
        "m1_p2": {
            "prompt": [
                762,
                705
            ],
            "fastsam": 95.73051551429269,
            "samb": 98.18125579956697,
            "saml": 98.5088594958822,
            "samh": 98.53691943718093
        },
        "m1_p3": {
            "prompt": [
                758,
                722
            ],
            "fastsam": 95.73051551429269,
            "samb": 98.19992577013485,
            "saml": 98.32011490663835,
            "samh": 98.12909260991582
        },
        "m1_p4": {
            "prompt": [
                630,
                727
            ],
            "fastsam": 95.73051551429269,
            "samb": 98.22114788645098,
            "saml": 98.36024689818568,
            "samh": 98.24277168494517
        },
        "m1_p5": {
            "prompt": [
                582,
                658,
                788,
                773
            ],
            "fastsam": 95.73051551429269,
            "samb": 98.44265869307918,
            "saml": 98.45499468318009,
            "samh": 98.62603047714214
        },
        "m1_p6": {
            "prompt": [
                580,
                658,
                789,
                773
            ],
            "fastsam": 95.73051551429269,
            "samb": 98.4797507788162,
            "saml": 98.48001501219741,
            "samh": 98.61969895696708
        },
        "m1_p7": {
            "prompt": [
                573,
                662,
                797,
                770
            ],
            "fastsam": 95.73051551429269,
            "samb": 98.49862945427361,
            "saml": 98.53649383951466,
            "samh": 98.59454057092886
        }
    }
}