{
    "imgid": 79,
    "adv_method": "TAP",
    "evaluations": {
        "m0_p0": {
            "prompt": [
                785,
                1180
            ],
            "fastsam": 0.0,
            "samb": 96.08562713667143,
            "saml": 98.7217993840604,
            "samh": 99.52547187138536
        },
        "m0_p1": {
            "prompt": [
                721,
                369
            ],
            "fastsam": 50.05922796198117,
            "samb": 96.7454381079633,
            "saml": 97.55415200712136,
            "samh": 99.43833580798125
        },
        "m0_p2": {
            "prompt": [
                1075,
                1237
            ],
            "fastsam": 0.0,
            "samb": 97.50515090382625,
            "saml": 97.03860108688039,
            "samh": 99.48627444235315
        },
        "m0_p3": {
            "prompt": [
                1022,
                563
            ],
            "fastsam": 50.05922796198117,
            "samb": 97.2130622964352,
            "saml": 97.37298167992299,
            "samh": 99.46169085464179
        },
        "m0_p4": {
            "prompt": [
                1104,
                449
            ],
            "fastsam": 50.05922796198117,
            "samb": 97.01358021659586,
            "saml": 98.20914502663153,
            "samh": 99.32988158046705
        },
        "m0_p5": {
            "prompt": [
                614,
                7,
                1499,
                1991
            ],
            "fastsam": 50.05922796198117,
            "samb": 99.00717870107825,
            "saml": 97.00735061480383,
            "samh": 99.23323182250739
        },
        "m0_p6": {
            "prompt": [
                599,
                70,
                1499,
                1928
            ],
            "fastsam": 50.05922796198117,
            "samb": 98.76110630602295,
            "saml": 97.26276587509784,
            "samh": 99.34716409236643
        },
        "m0_p7": {
            "prompt": [
                646,
                26,
                1470,
                1972
            ],
            "fastsam": 50.05922796198117,
            "samb": 96.4915104505193,
            "saml": 96.54910152050377,
            "samh": 98.94829705708709
        },
        "m1_p0": {
            "prompt": [
                646,
                677
            ],
            "fastsam": 0.0,
            "samb": 9.02140581113366,
            "saml": 8.984990947847924,
            "samh": 8.971576730836961
        },
        "m1_p1": {
            "prompt": [
                193,
                1592
            ],
            "fastsam": 0.0,
            "samb": 99.62067924913559,
            "saml": 99.82851662758866,
            "samh": 99.83838168495913
        },
        "m1_p2": {
            "prompt": [
                110,
                1245
            ],
            "fastsam": 0.0,
            "samb": 99.57999216285644,
            "saml": 99.83791037141101,
            "samh": 99.54643657693988
        },
        "m1_p3": {
            "prompt": [
                216,
                494
            ],
            "fastsam": 0.0,
            "samb": 99.58607270527085,
            "saml": 99.84081626838243,
            "samh": 99.84935452127839
        },
        "m1_p4": {
            "prompt": [
                525,
                976
            ],
            "fastsam": 0.0,
            "samb": 99.59095215288735,
            "saml": 99.83643072492463,
            "samh": 99.89315477775969
        },
        "m1_p5": {
            "prompt": [
                39,
                85,
                696,
                1913
            ],
            "fastsam": 0.06275768828237607,
            "samb": 84.96852380945232,
            "saml": 94.40852837361255,
            "samh": 96.57808092075928
        },
        "m1_p6": {
            "prompt": [
                0,
                0,
                757,
                1999
            ],
            "fastsam": 0.06275768828237607,
            "samb": 99.83072642011525,
            "saml": 99.87692621726725,
            "samh": 99.72735148087482
        },
        "m1_p7": {
            "prompt": [
                19,
                29,
                715,
                1970
            ],
            "fastsam": 0.06275768828237607,
            "samb": 99.7662378023651,
            "saml": 99.86475126842595,
            "samh": 99.62075431756045
        },
        "m2_p0": {
            "prompt": [
                1273,
                1979
            ],
            "fastsam": 83.97626112759644,
            "samb": 85.01469147894221,
            "saml": 91.3738019169329,
            "samh": 91.45569620253164
        },
        "m2_p1": {
            "prompt": [
                1279,
                1951
            ],
            "fastsam": 83.97626112759644,
            "samb": 85.08341511285575,
            "saml": 91.06382978723404,
            "samh": 92.11087420042644
        },
        "m2_p2": {
            "prompt": [
                1281,
                1974
            ],
            "fastsam": 83.97626112759644,
            "samb": 85.26522593320236,
            "saml": 91.1983032873807,
            "samh": 91.65786694825765
        },
        "m2_p3": {
            "prompt": [
                1274,
                1992
            ],
            "fastsam": 83.97626112759644,
            "samb": 85.82755203171457,
            "saml": 91.05431309904154,
            "samh": 91.37749737118823
        },
        "m2_p4": {
            "prompt": [
                1279,
                1979
            ],
            "fastsam": 83.97626112759644,
            "samb": 85.18155053974485,
            "saml": 91.18895966029724,
            "samh": 91.65786694825765
        },
        "m2_p5": {
            "prompt": [
                1267,
                1932,
                1285,
                1999
            ],
            "fastsam": 83.97626112759644,
            "samb": 85.35856573705179,
            "saml": 90.22869022869023,
            "samh": 91.32275132275132
        },
        "m2_p6": {
            "prompt": [
                1266,
                1934,
                1287,
                1998
            ],
            "fastsam": 83.97626112759644,
            "samb": 85.58648111332008,
            "saml": 90.06211180124224,
            "samh": 90.77568134171908
        },
        "m2_p7": {
            "prompt": [
                1266,
                1934,
                1286,
                1998
            ],
            "fastsam": 83.97626112759644,
            "samb": 85.55776892430279,
            "saml": 90.33264033264034,
            "samh": 91.35021097046413
        },
        "m3_p0": {
            "prompt": [
                989,
                693
            ],
            "fastsam": 0.33371105786527716,
            "samb": 90.63696484510965,
            "saml": 91.72600881654799,
            "samh": 93.28022168340839
        },
        "m3_p1": {
            "prompt": [
                988,
                700
            ],
            "fastsam": 0.33371105786527716,
            "samb": 90.7174430465828,
            "saml": 92.03810820006805,
            "samh": 92.42112482853224
        },
        "m3_p2": {
            "prompt": [
                1005,
                678
            ],
            "fastsam": 0.33371105786527716,
            "samb": 87.82824698367637,
            "saml": 90.84531743247983,
            "samh": 93.07175680452457
        },
        "m3_p3": {
            "prompt": [
                961,
                689
            ],
            "fastsam": 0.33371105786527716,
            "samb": 90.0511073253833,
            "saml": 91.49223497636731,
            "samh": 93.24558365084863
        },
        "m3_p4": {
            "prompt": [
                1016,
                667
            ],