{
    "imgid": 829,
    "adv_method": "TAP",
    "evaluations": {
        "m0_p0": {
            "prompt": [
                774,
                788
            ],
            "fastsam": 40.19370460048426,
            "samb": 37.51747875658815,
            "saml": 80.22638022638023,
            "samh": 76.90956979806847
        },
        "m0_p1": {
            "prompt": [
                790,
                788
            ],
            "fastsam": 40.19370460048426,
            "samb": 37.30327520204168,
            "saml": 79.03740875912409,
            "samh": 76.80367293397464
        },
        "m0_p2": {
            "prompt": [
                776,
                776
            ],
            "fastsam": 40.19370460048426,
            "samb": 37.50133475707421,
            "saml": 83.46513299784328,
            "samh": 77.59197324414716
        },
        "m0_p3": {
            "prompt": [
                743,
                802
            ],
            "fastsam": 40.19370460048426,
            "samb": 36.443976854287214,
            "saml": 76.01418754156506,
            "samh": 76.39101025529129
        },
        "m0_p4": {
            "prompt": [
                806,
                782
            ],
            "fastsam": 40.19370460048426,
            "samb": 38.12972972972973,
            "saml": 85.4652590228333,
            "samh": 77.49174917491749
        },
        "m0_p5": {
            "prompt": [
                689,
                770,
                819,
                809
            ],
            "fastsam": 86.8088467614534,
            "samb": 89.54408954408954,
            "saml": 92.44456611004654,
            "samh": 89.14134742404227
        },
        "m0_p6": {
            "prompt": [
                688,
                770,
                820,
                808
            ],
            "fastsam": 86.8088467614534,
            "samb": 89.49522510231924,
            "saml": 92.50136836343732,
            "samh": 89.18491163281456
        },
        "m0_p7": {
            "prompt": [
                688,
                768,
                821,
                811
            ],
            "fastsam": 86.8088467614534,
            "samb": 90.42437431991294,
            "saml": 92.7060737527115,
            "samh": 82.7127659574468
        },
        "m1_p0": {
            "prompt": [
                852,
                748
            ],
            "fastsam": 55.01884206920178,
            "samb": 55.07960142022678,
            "saml": 94.36265013560636,
            "samh": 93.39407744874715
        },
        "m1_p1": {
            "prompt": [
                914,
                736
            ],
            "fastsam": 55.01884206920178,
            "samb": 54.40319817247287,
            "saml": 94.17307692307692,
            "samh": 92.63631253513209
        },
        "m1_p2": {
            "prompt": [
                843,
                748
            ],
            "fastsam": 55.01884206920178,
            "samb": 54.921687435692235,
            "saml": 94.31399184940811,
            "samh": 93.27890639832923
        },
        "m1_p3": {
            "prompt": [
                814,
                764
            ],
            "fastsam": 55.01884206920178,
            "samb": 75.32634971796938,
            "saml": 93.93124639907816,
            "samh": 93.43009931245226
        },
        "m1_p4": {
            "prompt": [
                844,
                757
            ],
            "fastsam": 55.01884206920178,
            "samb": 55.06896551724138,
            "saml": 94.10966866886262,
            "samh": 93.62595419847328
        },
        "m1_p5": {
            "prompt": [
                780,
                704,
                956,
                783
            ],
            "fastsam": 90.81415586927093,
            "samb": 90.28668427008677,
            "saml": 87.84313725490196,
            "samh": 89.17600289121792
        },
        "m1_p6": {
            "prompt": [
                781,
                710,
                955,
                777
            ],
            "fastsam": 90.81415586927093,
            "samb": 91.96428571428571,
            "saml": 93.30925679528606,
            "samh": 92.38005644402634
        },
        "m1_p7": {
            "prompt": [
                778,
                709,
                958,
                778
            ],
            "fastsam": 90.81415586927093,
            "samb": 92.04875217643645,
            "saml": 92.65398380109248,
            "samh": 91.92523364485982
        },
        "m2_p0": {
            "prompt": [
                629,
                863
            ],
            "fastsam": 86.96830692243536,
            "samb": 87.77777777777777,
            "saml": 92.02261306532664,
            "samh": 92.6905456059975
        },
        "m2_p1": {
            "prompt": [
                662,
                849
            ],
            "fastsam": 86.96830692243536,
            "samb": 87.70508826583593,
            "saml": 91.65618448637316,
            "samh": 92.23686963799958
        },
        "m2_p2": {
            "prompt": [
                616,
                862
            ],
            "fastsam": 86.96830692243536,
            "samb": 87.69767919490656,
            "saml": 92.07214765100672,
            "samh": 92.79016461762868
        },
        "m2_p3": {
            "prompt": [
                666,
                855
            ],
            "fastsam": 86.96830692243536,
            "samb": 87.7517126842433,
            "saml": 91.76100628930817,
            "samh": 92.32859531772576
        },
        "m2_p4": {
            "prompt": [
                680,
                851
            ],
            "fastsam": 86.96830692243536,
            "samb": 88.01078614395354,
            "saml": 92.10249947490023,
            "samh": 92.58717895176446
        },
        "m2_p5": {
            "prompt": [
                580,
                812,
                764,
                869
            ],
            "fastsam": 86.96830692243536,
            "samb": 89.53271028037383,
            "saml": 92.36897274633124,
            "samh": 93.13868613138686
        },
        "m2_p6": {
            "prompt": [
                588,
                814,
                756,
                868
            ],
            "fastsam": 86.96830692243536,
            "samb": 88.72243029546401,
            "saml": 92.06049149338374,
            "samh": 92.87505223568742
        },
        "m2_p7": {
            "prompt": [
                587,
                812,
                758,
                870
            ],
            "fastsam": 86.96830692243536,
            "samb": 89.17290108063176,
            "saml": 92.26252883204026,
            "samh": 93.0940955560192
        },
        "m3_p0": {
            "prompt": [
                863,
                763
            ],
            "fastsam": 93.34688806054444,
            "samb": 93.60689186125595,
            "saml": 56.33978056780907,
            "samh": 56.63587201442091
        },
        "m3_p1": {
            "prompt": [
                827,
                751
            ],
            "fastsam": 93.34688806054444,
            "samb": 92.53476179621609,
            "saml": 55.97876269621422,
            "samh": 56.51130911583276
        },
        "m3_p2": {
            "prompt": [
                836,
                769
            ],
            "fastsam": 93.34688806054444,
            "samb": 92.84754869039624,
            "saml": 56.36032342557795,
            "samh": 56.813274235708604
        },
        "m3_p3": {
            "prompt": [
                801,
                749
            ],
            "fastsam": 93.34688806054444,
            "samb": 87.14758589202145,
            "saml": 56.23128311448975,
            "samh": 56.48336727766463
        },