{
    "imgid": 832,
    "adv_method": "TAP",
    "evaluations": {
        "m0_p0": {
            "prompt": [
                416,
                971
            ],
            "fastsam": 0.0,
            "samb": 41.96639580433164,
            "saml": 99.90346856032244,
            "samh": 99.88230881906885
        },
        "m0_p1": {
            "prompt": [
                551,
                198
            ],
            "fastsam": 0.0,
            "samb": 0.039795375070164875,
            "saml": 99.90578984163531,
            "samh": 99.80889340465589
        },
        "m0_p2": {
            "prompt": [
                624,
                373
            ],
            "fastsam": 0.0,
            "samb": 0.03680698645413247,
            "saml": 99.89847043393308,
            "samh": 99.85102994044186
        },
        "m0_p3": {
            "prompt": [
                396,
                962
            ],
            "fastsam": 0.0,
            "samb": 48.197094093645816,
            "saml": 99.90118296683083,
            "samh": 99.86019544746173
        },
        "m0_p4": {
            "prompt": [
                3,
                1112
            ],
            "fastsam": 0.0,
            "samb": 86.99392062057665,
            "saml": 99.90910394208139,
            "samh": 99.92509881826453
        },
        "m0_p5": {
            "prompt": [
                25,
                18,
                1474,
                1480
            ],
            "fastsam": 0.0,
            "samb": 99.59714682119314,
            "saml": 99.89668006921191,
            "samh": 99.85617973947019
        },
        "m0_p6": {
            "prompt": [
                48,
                59,
                1451,
                1440
            ],
            "fastsam": 0.0,
            "samb": 96.56994475974574,
            "saml": 99.86354955417058,
            "samh": 99.50793529050246
        },
        "m0_p7": {
            "prompt": [
                0,
                2,
                1499,
                1497
            ],
            "fastsam": 0.0,
            "samb": 99.63337417996169,
            "saml": 99.90484617295888,
            "samh": 99.90418946980525
        },
        "m1_p0": {
            "prompt": [
                686,
                453
            ],
            "fastsam": 1.66528441478088,
            "samb": 89.82344286414909,
            "saml": 7.581983888029946,
            "samh": 7.303693434993564
        },
        "m1_p1": {
            "prompt": [
                806,
                435
            ],
            "fastsam": 1.66528441478088,
            "samb": 92.6867627785059,
            "saml": 83.07147599026334,
            "samh": 97.01648783041088
        },
        "m1_p2": {
            "prompt": [
                719,
                440
            ],
            "fastsam": 1.66528441478088,
            "samb": 91.18110236220473,
            "saml": 75.54116933036617,
            "samh": 81.10990206746463
        },
        "m1_p3": {
            "prompt": [
                700,
                456
            ],
            "fastsam": 1.66528441478088,
            "samb": 82.50670241286863,
            "saml": 7.390080482099671,
            "samh": 5.914680333284984
        },
        "m1_p4": {
            "prompt": [
                763,
                435
            ],
            "fastsam": 1.66528441478088,
            "samb": 90.82785808147175,
            "saml": 12.510444867809753,
            "samh": 96.92868297761582
        },
        "m1_p5": {
            "prompt": [
                673,
                431,
                835,
                458
            ],
            "fastsam": 91.11570247933884,
            "samb": 94.27450980392157,
            "saml": 94.02945817990532,
            "samh": 91.46245059288538
        },
        "m1_p6": {
            "prompt": [
                676,
                430,
                833,
                458
            ],
            "fastsam": 91.11570247933884,
            "samb": 94.26100628930817,
            "saml": 93.9178515007899,
            "samh": 91.46245059288538
        },
        "m1_p7": {
            "prompt": [
                676,
                432,
                833,
                456
            ],
            "fastsam": 91.11570247933884,
            "samb": 92.29960578186596,
            "saml": 92.41106719367589,
            "samh": 88.48484848484848
        },
        "m2_p0": {
            "prompt": [
                888,
                973
            ],
            "fastsam": 97.05490855707211,
            "samb": 66.63586825729708,
            "saml": 70.97658721788652,
            "samh": 69.3600113645658
        },
        "m2_p1": {
            "prompt": [
                751,
                529
            ],
            "fastsam": 97.03372595361343,
            "samb": 20.762494890165453,
            "saml": 25.303298111617146,
            "samh": 26.9331704253104
        },
        "m2_p2": {
            "prompt": [
                656,
                894
            ],
            "fastsam": 97.05490855707211,
            "samb": 69.344591636117,
            "saml": 61.078084037520284,
            "samh": 4.34178070692765
        },
        "m2_p3": {
            "prompt": [
                732,
                967
            ],
            "fastsam": 97.05490855707211,
            "samb": 1.9870771111618115,
            "saml": 30.83111996935011,
            "samh": 31.496205354260205
        },
        "m2_p4": {
            "prompt": [
                697,
                503
            ],
            "fastsam": 97.03372595361343,
            "samb": 19.542243668938085,
            "saml": 21.228588762246517,
            "samh": 26.710849076903216
        },
        "m2_p5": {
            "prompt": [
                578,
                466,
                929,
                1206
            ],
            "fastsam": 97.04321910153256,
            "samb": 92.70403585518831,
            "saml": 98.94749524522587,
            "samh": 98.71016332766672
        },
        "m2_p6": {
            "prompt": [
                598,
                445,
                910,
                1228
            ],
            "fastsam": 97.04321910153256,
            "samb": 93.0446357644331,
            "saml": 99.09780514655291,
            "samh": 99.04231875075324
        },
        "m2_p7": {
            "prompt": [
                581,
                460,
                926,
                1212
            ],
            "fastsam": 97.04321910153256,
            "samb": 92.80826328487898,
            "saml": 99.08639267049487,
            "samh": 98.94327700346932
        },
        "m3_p0": {
            "prompt": [
                685,
                682
            ],
            "fastsam": 6.245257613038768,
            "samb": 72.94464855748961,
            "saml": 95.21383563480359,
            "samh": 94.63678206924155
        },
        "m3_p1": {
            "prompt": [
                849,
                668
            ],
            "fastsam": 6.245257613038768,
            "samb": 63.228513463666545,
            "saml": 94.12777226084079,
            "samh": 94.99664654594233
        },
        "m3_p2": {
            "prompt": [
                644,
                665
            ],
            "fastsam": 6.245257613038768,
            "samb": 65.52613077103351,
            "saml": 95.249916135525,
            "samh": 94.28533457372583
        },
        "m3_p3": {
            "prompt": [
                718,
                649
            ],
            "fastsam": 6.2224717918121675,
            "samb": 18.674449754435862,
            "saml": 66.95943712518299,
            "samh": 89.8022563062492
        },
        "m3_p4": {
            "prompt": [
                633,
                651
            ],
            "fastsam": 6.245257613038768,