{
    "imgid": 900,
    "adv_method": "TAP",
    "evaluations": {
        "m0_p0": {
            "prompt": [
                1081,
                609
            ],
            "fastsam": 0.0,
            "samb": 90.8081841432225,
            "saml": 96.17909173381717,
            "samh": 95.41260216187715
        },
        "m0_p1": {
            "prompt": [
                1047,
                586
            ],
            "fastsam": 0.0,
            "samb": 91.21985959914538,
            "saml": 96.23887912204997,
            "samh": 92.86699708752747
        },
        "m0_p2": {
            "prompt": [
                1060,
                719
            ],
            "fastsam": 0.0,
            "samb": 92.39451476793249,
            "saml": 95.53409454700672,
            "samh": 95.65494867840238
        },
        "m0_p3": {
            "prompt": [
                1042,
                661
            ],
            "fastsam": 0.0,
            "samb": 92.18741829210897,
            "saml": 95.70264657329996,
            "samh": 95.30844585649987
        },
        "m0_p4": {
            "prompt": [
                1061,
                597
            ],
            "fastsam": 0.0,
            "samb": 90.97643790513428,
            "saml": 96.06525911708253,
            "samh": 95.6332803391627
        },
        "m0_p5": {
            "prompt": [
                1023,
                561,
                1117,
                819
            ],
            "fastsam": 0.0,
            "samb": 90.68652984685905,
            "saml": 95.14955537590946,
            "samh": 95.376
        },
        "m0_p6": {
            "prompt": [
                1023,
                555,
                1117,
                824
            ],
            "fastsam": 0.0,
            "samb": 90.51840331778124,
            "saml": 95.27270769396436,
            "samh": 95.24721911756879
        },
        "m0_p7": {
            "prompt": [
                1022,
                578,
                1118,
                802
            ],
            "fastsam": 0.0,
            "samb": 91.50893518028973,
            "saml": 94.5179584120983,
            "samh": 95.57507901644614
        },
        "m1_p0": {
            "prompt": [
                1521,
                1387
            ],
            "fastsam": 17.899262657709322,
            "samb": 97.48019637090351,
            "saml": 98.17605363011761,
            "samh": 99.07270002823161
        },
        "m1_p1": {
            "prompt": [
                1472,
                1199
            ],
            "fastsam": 17.899262657709322,
            "samb": 97.54947411120447,
            "saml": 98.12337690600201,
            "samh": 99.02955511619992
        },
        "m1_p2": {
            "prompt": [
                1272,
                1138
            ],
            "fastsam": 17.899262657709322,
            "samb": 97.65522633327784,
            "saml": 98.02175632624329,
            "samh": 98.98592610298645
        },
        "m1_p3": {
            "prompt": [
                1573,
                1405
            ],
            "fastsam": 17.899262657709322,
            "samb": 97.5594927913844,
            "saml": 98.19791062100987,
            "samh": 99.06916144909702
        },
        "m1_p4": {
            "prompt": [
                1918,
                1450
            ],
            "fastsam": 96.14019646811651,
            "samb": 98.21198849428328,
            "saml": 98.61851022345924,
            "samh": 99.05951346655083
        },
        "m1_p5": {
            "prompt": [
                1091,
                887,
                1971,
                1499
            ],
            "fastsam": 17.144113522054234,
            "samb": 97.58428553831885,
            "saml": 98.12710437710437,
            "samh": 99.03443276549474
        },
        "m1_p6": {
            "prompt": [
                1045,
                867,
                1999,
                1499
            ],
            "fastsam": 17.144113522054234,
            "samb": 97.715721339724,
            "saml": 98.31019827973833,
            "samh": 99.0432389367712
        },
        "m1_p7": {
            "prompt": [
                1074,
                880,
                1988,
                1499
            ],
            "fastsam": 17.144113522054234,
            "samb": 97.65649894267257,
            "saml": 98.21683775254816,
            "samh": 99.03227910955181
        },
        "m2_p0": {
            "prompt": [
                1721,
                883
            ],
            "fastsam": 76.89571241340573,
            "samb": 84.9162134922305,
            "saml": 82.72097863483837,
            "samh": 86.20239438801478
        },
        "m2_p1": {
            "prompt": [
                1428,
                864
            ],
            "fastsam": 76.89571241340573,
            "samb": 84.10440966049516,
            "saml": 82.6968416133897,
            "samh": 83.55241309122074
        },
        "m2_p2": {
            "prompt": [
                1901,
                964
            ],
            "fastsam": 76.89571241340573,
            "samb": 88.2255332388426,
            "saml": 82.55180976029033,
            "samh": 89.06729228656444
        },
        "m2_p3": {
            "prompt": [
                1550,
                862
            ],
            "fastsam": 76.89571241340573,
            "samb": 83.74153261092685,
            "saml": 82.6738558206674,
            "samh": 84.89413148608025
        },
        "m2_p4": {
            "prompt": [
                1969,
                974
            ],
            "fastsam": 76.89571241340573,
            "samb": 90.43000590667454,
            "saml": 82.7490362292603,
            "samh": 88.66856492027335
        },
        "m2_p5": {
            "prompt": [
                1279,
                833,
                1999,
                1040
            ],
            "fastsam": 76.89571241340573,
            "samb": 92.55100427012493,
            "saml": 95.03333415945872,
            "samh": 95.38532880472246
        },
        "m2_p6": {
            "prompt": [
                1324,
                832,
                1986,
                1040
            ],
            "fastsam": 76.89571241340573,
            "samb": 96.32608229070662,
            "saml": 95.15453613855749,
            "samh": 95.82481125167286
        },
        "m2_p7": {
            "prompt": [
                1296,
                829,
                1999,
                1043
            ],
            "fastsam": 76.89571241340573,
            "samb": 95.13186595280587,
            "saml": 95.50586975736677,
            "samh": 96.03820838419814
        },
        "m3_p0": {
            "prompt": [
                227,
                1046
            ],
            "fastsam": 89.74358974358974,
            "samb": 63.69551073519844,
            "saml": 56.544202066590124,
            "samh": 87.02559576345985
        },
        "m3_p1": {
            "prompt": [
                225,
                1052
            ],
            "fastsam": 89.74358974358974,
            "samb": 77.20820189274448,
            "saml": 82.51046025104603,
            "samh": 88.19320214669052
        },
        "m3_p2": {
            "prompt": [
                218,
                1037
            ],
            "fastsam": 89.74358974358974,
            "samb": 69.23620933521924,
            "saml": 49.89858012170385,
            "samh": 87.86797502230152
        },
        "m3_p3": {
            "prompt": [
                235,
                1061
            ],
            "fastsam": 89.74358974358974,
            "samb": 53.956043956043956,
            "saml": 47.03632887189293,
            "samh": 53.795740032768975
        },
        "m3_p4": {
            "prompt": [
                192,
                1043
            ],