{
    "imgid": 357,
    "adv_method": "PATA++",
    "evaluations": {
        "m0_p0": {
            "prompt": [
                141,
                1371
            ],
            "fastsam": 0.0,
            "samb": 27.416835858191472,
            "saml": 38.7696910409328,
            "samh": 39.25368106340272
        },
        "m0_p1": {
            "prompt": [
                1216,
                1563
            ],
            "fastsam": 0.0,
            "samb": 37.656176004327804,
            "saml": 38.5891599015893,
            "samh": 39.43382107173781
        },
        "m0_p2": {
            "prompt": [
                994,
                1576
            ],
            "fastsam": 0.0,
            "samb": 37.438198428915385,
            "saml": 38.66705400979124,
            "samh": 39.395722905463074
        },
        "m0_p3": {
            "prompt": [
                591,
                202
            ],
            "fastsam": 0.0,
            "samb": 3.76704426309911,
            "saml": 3.954120688944202,
            "samh": 4.64296276275064
        },
        "m0_p4": {
            "prompt": [
                205,
                1138
            ],
            "fastsam": 0.0,
            "samb": 19.415164253682637,
            "saml": 38.249435294633656,
            "samh": 39.712271580288835
        },
        "m0_p5": {
            "prompt": [
                40,
                53,
                1459,
                1615
            ],
            "fastsam": 11.642661465661693,
            "samb": 22.243497099278542,
            "saml": 27.910997157434963,
            "samh": 56.89448951564427
        },
        "m0_p6": {
            "prompt": [
                34,
                70,
                1464,
                1599
            ],
            "fastsam": 11.642661465661693,
            "samb": 15.031197757694985,
            "saml": 6.68642108335017,
            "samh": 56.14606071936712
        },
        "m0_p7": {
            "prompt": [
                23,
                49,
                1475,
                1620
            ],
            "fastsam": 11.642661465661693,
            "samb": 31.511093577633126,
            "saml": 45.23195853678649,
            "samh": 57.11899219739117
        },
        "m1_p0": {
            "prompt": [
                863,
                939
            ],
            "fastsam": 0.0,
            "samb": 37.843139045114796,
            "saml": 92.77732540884428,
            "samh": 91.53850251508672
        },
        "m1_p1": {
            "prompt": [
                239,
                855
            ],
            "fastsam": 0.0,
            "samb": 5.616184760589668,
            "saml": 99.25761152678908,
            "samh": 98.92203108389819
        },
        "m1_p2": {
            "prompt": [
                538,
                637
            ],
            "fastsam": 0.0,
            "samb": 13.065894510946906,
            "saml": 84.95894434847459,
            "samh": 87.93230193216495
        },
        "m1_p3": {
            "prompt": [
                1055,
                747
            ],
            "fastsam": 0.0,
            "samb": 3.7971273661181395,
            "saml": 92.97876064441012,
            "samh": 96.13578736214733
        },
        "m1_p4": {
            "prompt": [
                1047,
                900
            ],
            "fastsam": 0.0,
            "samb": 2.551157853082408,
            "saml": 86.92078808587061,
            "samh": 72.41471154504707
        },
        "m1_p5": {
            "prompt": [
                181,
                153,
                1330,
                1508
            ],
            "fastsam": 0.0,
            "samb": 98.36525803228245,
            "saml": 99.27412523125197,
            "samh": 99.43052452247385
        },
        "m1_p6": {
            "prompt": [
                244,
                229,
                1267,
                1433
            ],
            "fastsam": 1.3672787598834157,
            "samb": 78.04188513549506,
            "saml": 81.31393304770674,
            "samh": 98.52874367920616
        },
        "m1_p7": {
            "prompt": [
                232,
                143,
                1279,
                1518
            ],
            "fastsam": 0.0,
            "samb": 96.98851949820283,
            "saml": 99.058403331944,
            "samh": 99.46559284442249
        },
        "m2_p0": {
            "prompt": [
                288,
                406
            ],
            "fastsam": 0.0,
            "samb": 1.313688961354978,
            "saml": 93.32449160035367,
            "samh": 95.86946599726153
        },
        "m2_p1": {
            "prompt": [
                332,
                440
            ],
            "fastsam": 0.0,
            "samb": 1.0501132161010789,
            "saml": 93.55266063148598,
            "samh": 96.49442294559526
        },
        "m2_p2": {
            "prompt": [
                316,
                428
            ],
            "fastsam": 0.0,
            "samb": 1.7536058236677083,
            "saml": 94.05111965618639,
            "samh": 96.20744802376056
        },
        "m2_p3": {
            "prompt": [
                256,
                417
            ],
            "fastsam": 0.0,
            "samb": 18.452515226708776,
            "saml": 95.22732413481113,
            "samh": 96.33173843700159
        },
        "m2_p4": {
            "prompt": [
                261,
                415
            ],
            "fastsam": 0.0,
            "samb": 19.439421338155515,
            "saml": 95.20578923563998,
            "samh": 96.23974475843208
        },
        "m2_p5": {
            "prompt": [
                237,
                377,
                359,
                480
            ],
            "fastsam": 0.0,
            "samb": 88.3220910623946,
            "saml": 95.4524886877828,
            "samh": 96.66666666666667
        },
        "m2_p6": {
            "prompt": [
                235,
                371,
                360,
                486
            ],
            "fastsam": 0.0,
            "samb": 89.04661016949153,
            "saml": 95.41553748870822,
            "samh": 96.73739447866758
        },
        "m2_p7": {
            "prompt": [
                242,
                375,
                354,
                483
            ],
            "fastsam": 0.0,
            "samb": 89.94222127113204,
            "saml": 95.37519836771708,
            "samh": 96.64306919387988
        },
        "m3_p0": {
            "prompt": [
                681,
                402
            ],
            "fastsam": 96.97982837401092,
            "samb": 96.68725435148792,
            "saml": 97.167362600158,
            "samh": 98.13231323132314
        },
        "m3_p1": {
            "prompt": [
                727,
                363
            ],
            "fastsam": 96.97982837401092,
            "samb": 97.26119654282186,
            "saml": 97.21313325059235,
            "samh": 98.3329578733949
        },
        "m3_p2": {
            "prompt": [
                663,
                417
            ],
            "fastsam": 96.97982837401092,
            "samb": 97.19479353680431,
            "saml": 97.32505643340858,
            "samh": 98.58649315683195
        },
        "m3_p3": {
            "prompt": [
                695,
                398
            ],
            "fastsam": 96.97982837401092,
            "samb": 97.00269420745397,
            "saml": 96.73888512751071,
            "samh": 98.06175343700698
        },
        "m3_p4": {
            "prompt": [
                663,
                385
            ],
            "fastsam": 96.97982837401092,
            "samb": 97.03736954326114,
            "saml": 97.61824133649397,
            "samh": 98.50039463299132
        },