{
    "imgid": 431,
    "adv_method": "PATA++",
    "evaluations": {
        "m0_p0": {
            "prompt": [
                467,
                807
            ],
            "fastsam": 0.0,
            "samb": 24.031097702483176,
            "saml": 17.900914897289834,
            "samh": 18.210725335166725
        },
        "m0_p1": {
            "prompt": [
                456,
                853
            ],
            "fastsam": 0.0,
            "samb": 2.2998608364462023,
            "saml": 6.2140645731977004,
            "samh": 3.8262691728548446
        },
        "m0_p2": {
            "prompt": [
                425,
                838
            ],
            "fastsam": 0.0,
            "samb": 7.3905064232924955,
            "saml": 6.853229541311524,
            "samh": 10.981644054269752
        },
        "m0_p3": {
            "prompt": [
                404,
                820
            ],
            "fastsam": 0.0,
            "samb": 13.174099645456241,
            "saml": 12.262357414448669,
            "samh": 11.92177510342234
        },
        "m0_p4": {
            "prompt": [
                430,
                847
            ],
            "fastsam": 0.0,
            "samb": 7.139645266050462,
            "saml": 6.676320782982123,
            "samh": 10.956712144180562
        },
        "m0_p5": {
            "prompt": [
                395,
                768,
                494,
                864
            ],
            "fastsam": 0.0,
            "samb": 36.9204152249135,
            "saml": 27.12101762165947,
            "samh": 32.27877655848704
        },
        "m0_p6": {
            "prompt": [
                397,
                765,
                492,
                867
            ],
            "fastsam": 0.0,
            "samb": 33.35658644343681,
            "saml": 26.74527200560355,
            "samh": 31.0063039925286
        },
        "m0_p7": {
            "prompt": [
                394,
                766,
                496,
                867
            ],
            "fastsam": 0.0,
            "samb": 37.71849126034959,
            "saml": 27.428571428571427,
            "samh": 32.68736866682232
        },
        "m1_p0": {
            "prompt": [
                2119,
                1385
            ],
            "fastsam": 0.0,
            "samb": 47.5,
            "saml": 76.92307692307692,
            "samh": 77.06093189964157
        },
        "m1_p1": {
            "prompt": [
                2121,
                1400
            ],
            "fastsam": 0.0,
            "samb": 55.05050505050505,
            "saml": 76.57342657342657,
            "samh": 77.89855072463769
        },
        "m1_p2": {
            "prompt": [
                2120,
                1413
            ],
            "fastsam": 0.0,
            "samb": 54.636591478696744,
            "saml": 76.57342657342657,
            "samh": 77.81818181818181
        },
        "m1_p3": {
            "prompt": [
                2117,
                1403
            ],
            "fastsam": 0.0,
            "samb": 55.93667546174142,
            "saml": 78.52112676056338,
            "samh": 77.45454545454545
        },
        "m1_p4": {
            "prompt": [
                2118,
                1414
            ],
            "fastsam": 0.0,
            "samb": 54.568527918781726,
            "saml": 76.92307692307692,
            "samh": 77.81818181818181
        },
        "m1_p5": {
            "prompt": [
                2116,
                1372,
                2120,
                1413
            ],
            "fastsam": 0.0,
            "samb": 74.16107382550335,
            "saml": 77.27272727272727,
            "samh": 79.33579335793358
        },
        "m1_p6": {
            "prompt": [
                2116,
                1373,
                2120,
                1412
            ],
            "fastsam": 0.0,
            "samb": 74.23728813559322,
            "saml": 77.8169014084507,
            "samh": 78.96678966789668
        },
        "m1_p7": {
            "prompt": [
                2116,
                1371,
                2120,
                1414
            ],
            "fastsam": 0.0,
            "samb": 74.24749163879599,
            "saml": 76.92307692307692,
            "samh": 79.04411764705883
        },
        "m2_p0": {
            "prompt": [
                1927,
                45
            ],
            "fastsam": 0.0,
            "samb": 47.484276729559745,
            "saml": 63.02521008403362,
            "samh": 62.655601659751035
        },
        "m2_p1": {
            "prompt": [
                1930,
                43
            ],
            "fastsam": 0.0,
            "samb": 47.93650793650794,
            "saml": 63.29113924050633,
            "samh": 62.655601659751035
        },
        "m2_p2": {
            "prompt": [
                1930,
                47
            ],
            "fastsam": 0.0,
            "samb": 45.75757575757576,
            "saml": 63.02521008403362,
            "samh": 62.655601659751035
        },
        "m2_p3": {
            "prompt": [
                1930,
                51
            ],
            "fastsam": 0.0,
            "samb": 40.05305039787798,
            "saml": 63.02521008403362,
            "samh": 62.655601659751035
        },
        "m2_p4": {
            "prompt": [
                1932,
                48
            ],
            "fastsam": 0.0,
            "samb": 42.89772727272727,
            "saml": 63.02521008403362,
            "samh": 62.655601659751035
        },
        "m2_p5": {
            "prompt": [
                1917,
                24,
                1934,
                53
            ],
            "fastsam": 0.0,
            "samb": 48.553054662379424,
            "saml": 61.885245901639344,
            "samh": 62.396694214876035
        },
        "m2_p6": {
            "prompt": [
                1918,
                24,
                1934,
                53
            ],
            "fastsam": 0.0,
            "samb": 49.34640522875817,
            "saml": 62.396694214876035,
            "samh": 62.13991769547325
        },
        "m2_p7": {
            "prompt": [
                1918,
                24,
                1934,
                53
            ],
            "fastsam": 0.0,
            "samb": 49.34640522875817,
            "saml": 62.396694214876035,
            "samh": 62.13991769547325
        },
        "m3_p0": {
            "prompt": [
                761,
                1131
            ],
            "fastsam": 88.57799860386811,
            "samb": 94.40418425861743,
            "saml": 97.11102459579536,
            "samh": 98.20575120054882
        },
        "m3_p1": {
            "prompt": [
                850,
                1249
            ],
            "fastsam": 88.57799860386811,
            "samb": 3.210093542763432,
            "saml": 96.75543197844408,
            "samh": 98.17446830423812
        },
        "m3_p2": {
            "prompt": [
                1213,
                1476
            ],
            "fastsam": 88.57799860386811,
            "samb": 95.87755835136545,
            "saml": 9.79058564546793,
            "samh": 68.88452217950994
        },
        "m3_p3": {
            "prompt": [
                860,
                1083
            ],
            "fastsam": 88.57799860386811,
            "samb": 94.08310465136263,
            "saml": 97.04541549739419,
            "samh": 98.09116613436817
        },
        "m3_p4": {
            "prompt": [
                1181,
                1374
            ],
            "fastsam": 88.57799860386811,
            "samb": 95.2380816157224,
            "saml": 97.0844954551839,
            "samh": 98.24399578329819
        },