{
    "imgid": 511,
    "adv_method": "PATA++",
    "evaluations": {
        "m0_p0": {
            "prompt": [
                337,
                1450
            ],
            "fastsam": 0.0,
            "samb": 22.981910915390163,
            "saml": 9.955839423656128,
            "samh": 14.3972636255508
        },
        "m0_p1": {
            "prompt": [
                618,
                1488
            ],
            "fastsam": 0.0,
            "samb": 42.47134642953236,
            "saml": 9.84698088413329,
            "samh": 15.614753539340638
        },
        "m0_p2": {
            "prompt": [
                850,
                1317
            ],
            "fastsam": 0.0,
            "samb": 2.0271832526167786,
            "saml": 10.155966015698631,
            "samh": 15.066146533142275
        },
        "m0_p3": {
            "prompt": [
                89,
                1472
            ],
            "fastsam": 0.0,
            "samb": 2.342568768402345,
            "saml": 2.352828131885609,
            "samh": 2.383626730813196
        },
        "m0_p4": {
            "prompt": [
                888,
                1408
            ],
            "fastsam": 0.0,
            "samb": 2.905004034727826,
            "saml": 3.022386050915678,
            "samh": 3.1075291782353607
        },
        "m0_p5": {
            "prompt": [
                47,
                1059,
                923,
                1482
            ],
            "fastsam": 0.0,
            "samb": 71.19919884306614,
            "saml": 87.88913127165405,
            "samh": 83.68222602149683
        },
        "m0_p6": {
            "prompt": [
                15,
                1058,
                955,
                1483
            ],
            "fastsam": 0.0,
            "samb": 78.8338779417104,
            "saml": 88.81747366881217,
            "samh": 85.08821911999523
        },
        "m0_p7": {
            "prompt": [
                0,
                1044,
                970,
                1497
            ],
            "fastsam": 0.0,
            "samb": 89.22992600712524,
            "saml": 86.11358257299536,
            "samh": 88.51382423683
        },
        "m1_p0": {
            "prompt": [
                1108,
                671
            ],
            "fastsam": 94.67498923805424,
            "samb": 95.3143585386576,
            "saml": 97.33374061790889,
            "samh": 97.25212710540025
        },
        "m1_p1": {
            "prompt": [
                872,
                577
            ],
            "fastsam": 94.67498923805424,
            "samb": 94.78893494628204,
            "saml": 97.55607925285851,
            "samh": 96.66465308940283
        },
        "m1_p2": {
            "prompt": [
                1024,
                680
            ],
            "fastsam": 94.67498923805424,
            "samb": 95.86451695676347,
            "saml": 97.29201077979657,
            "samh": 96.59840482862685
        },
        "m1_p3": {
            "prompt": [
                914,
                572
            ],
            "fastsam": 94.67498923805424,
            "samb": 95.04496860682166,
            "saml": 97.48767828324682,
            "samh": 96.94478102821533
        },
        "m1_p4": {
            "prompt": [
                928,
                614
            ],
            "fastsam": 94.67498923805424,
            "samb": 94.68903160385331,
            "saml": 97.36177622986504,
            "samh": 96.70234806629834
        },
        "m1_p5": {
            "prompt": [
                831,
                554,
                1135,
                768
            ],
            "fastsam": 94.67498923805424,
            "samb": 96.70884982507667,
            "saml": 97.76135717721131,
            "samh": 97.79427822668706
        },
        "m1_p6": {
            "prompt": [
                834,
                558,
                1131,
                763
            ],
            "fastsam": 94.67498923805424,
            "samb": 96.75021607605878,
            "saml": 97.76494773214364,
            "samh": 97.81981824536875
        },
        "m1_p7": {
            "prompt": [
                827,
                561,
                1139,
                760
            ],
            "fastsam": 94.67498923805424,
            "samb": 96.70049665299071,
            "saml": 97.76125929164844,
            "samh": 97.80282182326475
        },
        "m2_p0": {
            "prompt": [
                1467,
                242
            ],
            "fastsam": 0.0,
            "samb": 33.234205546647026,
            "saml": 53.63912076502948,
            "samh": 18.77242035931884
        },
        "m2_p1": {
            "prompt": [
                1368,
                1328
            ],
            "fastsam": 0.0,
            "samb": 33.52097570244371,
            "saml": 87.52076588905494,
            "samh": 62.06862490465432
        },
        "m2_p2": {
            "prompt": [
                223,
                1464
            ],
            "fastsam": 0.0,
            "samb": 27.111553030303032,
            "saml": 87.29709247155124,
            "samh": 61.49680111353443
        },
        "m2_p3": {
            "prompt": [
                2162,
                904
            ],
            "fastsam": 0.0,
            "samb": 35.68320438893034,
            "saml": 11.479114334396655,
            "samh": 11.522728298465086
        },
        "m2_p4": {
            "prompt": [
                1029,
                1355
            ],
            "fastsam": 0.0,
            "samb": 2.220684617708343,
            "saml": 86.9741625541972,
            "samh": 61.552500983719945
        },
        "m2_p5": {
            "prompt": [
                37,
                3,
                2203,
                1498
            ],
            "fastsam": 3.234876899214042,
            "samb": 89.09944697766477,
            "saml": 87.24150006934525,
            "samh": 85.93534756818715
        },
        "m2_p6": {
            "prompt": [
                0,
                0,
                2240,
                1499
            ],
            "fastsam": 3.234876899214042,
            "samb": 88.77045904804858,
            "saml": 87.25307890295028,
            "samh": 85.4365815369205
        },
        "m2_p7": {
            "prompt": [
                86,
                76,
                2154,
                1425
            ],
            "fastsam": 3.234876899214042,
            "samb": 52.81124935332127,
            "saml": 67.24259806295018,
            "samh": 60.81000242311653
        }
    }
}