{
    "imgid": 58,
    "adv_method": "PATA++",
    "evaluations": {
        "m0_p0": {
            "prompt": [
                1715,
                1378
            ],
            "fastsam": 0.0,
            "samb": 4.052743652282588,
            "saml": 17.98548415026992,
            "samh": 18.41808441964832
        },
        "m0_p1": {
            "prompt": [
                2300,
                580
            ],
            "fastsam": 30.258299943733814,
            "samb": 6.637395131246913,
            "saml": 7.7917078917035285,
            "samh": 25.55620374058275
        },
        "m0_p2": {
            "prompt": [
                2198,
                914
            ],
            "fastsam": 30.258299943733814,
            "samb": 14.192484212511488,
            "saml": 27.65122934024205,
            "samh": 31.035028732032803
        },
        "m0_p3": {
            "prompt": [
                2403,
                450
            ],
            "fastsam": 30.258299943733814,
            "samb": 40.782961997116374,
            "saml": 49.47150622133984,
            "samh": 48.988794483438
        },
        "m0_p4": {
            "prompt": [
                2275,
                219
            ],
            "fastsam": 30.258299943733814,
            "samb": 40.87644934202449,
            "saml": 49.175559894354045,
            "samh": 48.226420112909594
        },
        "m0_p5": {
            "prompt": [
                0,
                0,
                2662,
                1499
            ],
            "fastsam": 30.258299943733814,
            "samb": 74.08947565267658,
            "saml": 90.99613528473775,
            "samh": 95.27854435444864
        },
        "m0_p6": {
            "prompt": [
                0,
                0,
                2662,
                1499
            ],
            "fastsam": 30.258299943733814,
            "samb": 74.08947565267658,
            "saml": 90.99613528473775,
            "samh": 95.27854435444864
        },
        "m0_p7": {
            "prompt": [
                3,
                0,
                2658,
                1499
            ],
            "fastsam": 30.258299943733814,
            "samb": 74.12129379105549,
            "saml": 91.1433843139849,
            "samh": 95.27839700062017
        },
        "m1_p0": {
            "prompt": [
                1256,
                249
            ],
            "fastsam": 0.0,
            "samb": 35.49462217858862,
            "saml": 97.32674177930072,
            "samh": 83.46421214656121
        },
        "m1_p1": {
            "prompt": [
                1150,
                302
            ],
            "fastsam": 0.0,
            "samb": 35.63429407344467,
            "saml": 96.90634157179775,
            "samh": 75.7169813553444
        },
        "m1_p2": {
            "prompt": [
                1477,
                198
            ],
            "fastsam": 0.0,
            "samb": 35.353705385333505,
            "saml": 97.48798904353085,
            "samh": 83.75518726965063
        },
        "m1_p3": {
            "prompt": [
                1045,
                873
            ],
            "fastsam": 69.32320028298122,
            "samb": 16.278843052612206,
            "saml": 17.191580006159015,
            "samh": 16.7594467090266
        },
        "m1_p4": {
            "prompt": [
                1085,
                654
            ],
            "fastsam": 69.32320028298122,
            "samb": 15.927797386609425,
            "saml": 17.702432082275703,
            "samh": 17.438851726255447
        },
        "m1_p5": {
            "prompt": [
                754,
                64,
                1931,
                1379
            ],
            "fastsam": 69.32320028298122,
            "samb": 93.5779357566188,
            "saml": 98.334124308504,
            "samh": 99.3146273855731
        },
        "m1_p6": {
            "prompt": [
                722,
                99,
                1963,
                1344
            ],
            "fastsam": 69.32320028298122,
            "samb": 93.38650193871705,
            "saml": 98.34495749446421,
            "samh": 99.29955340836948
        },
        "m1_p7": {
            "prompt": [
                710,
                131,
                1975,
                1311
            ],
            "fastsam": 69.32320028298122,
            "samb": 91.1539719398422,
            "saml": 98.36464708384531,
            "samh": 99.27164412947536
        },
        "m2_p0": {
            "prompt": [
                1433,
                732
            ],
            "fastsam": 8.932197765186036,
            "samb": 6.608445437580147,
            "saml": 7.679655718922286,
            "samh": 7.651240574312579
        },
        "m2_p1": {
            "prompt": [
                1363,
                529
            ],
            "fastsam": 8.932197765186036,
            "samb": 22.669899549705576,
            "saml": 25.137418428962118,
            "samh": 23.995226468409644
        },
        "m2_p2": {
            "prompt": [
                1410,
                589
            ],
            "fastsam": 8.932197765186036,
            "samb": 22.363623761003673,
            "saml": 25.237689509203285,
            "samh": 24.362066602713444
        },
        "m2_p3": {
            "prompt": [
                1366,
                619
            ],
            "fastsam": 8.932197765186036,
            "samb": 11.309296463219006,
            "saml": 15.620445339475946,
            "samh": 15.87656020014309
        },
        "m2_p4": {
            "prompt": [
                1289,
                735
            ],
            "fastsam": 8.932197765186036,
            "samb": 15.534907129562805,
            "saml": 15.667730694300896,
            "samh": 15.893526985355956
        },
        "m2_p5": {
            "prompt": [
                1159,
                515,
                1490,
                814
            ],
            "fastsam": 8.932197765186036,
            "samb": 29.963447985694753,
            "saml": 33.15560318842521,
            "samh": 26.81590267693235
        },
        "m2_p6": {
            "prompt": [
                1182,
                522,
                1467,
                807
            ],
            "fastsam": 8.932197765186036,
            "samb": 29.438376263449626,
            "saml": 40.250300063384174,
            "samh": 26.44747129747747
        },
        "m2_p7": {
            "prompt": [
                1164,
                510,
                1485,
                819
            ],
            "fastsam": 8.932197765186036,
            "samb": 31.756223356665437,
            "saml": 30.88462002493398,
            "samh": 26.854198923036872
        },
        "m3_p0": {
            "prompt": [
                1309,
                662
            ],
            "fastsam": 0.8478375004953045,
            "samb": 3.977021909342255,
            "saml": 3.830446652345149,
            "samh": 3.730237423319568
        },
        "m3_p1": {
            "prompt": [
                1333,
                665
            ],
            "fastsam": 0.8478375004953045,
            "samb": 3.810939126272493,
            "saml": 3.828540435358782,
            "samh": 3.7243532560214097
        },
        "m3_p2": {
            "prompt": [
                1316,
                703
            ],
            "fastsam": 0.8478375004953045,
            "samb": 20.897435897435898,
            "saml": 7.485450990704641,
            "samh": 4.851727192205492
        },
        "m3_p3": {
            "prompt": [
                1337,
                668
            ],
            "fastsam": 0.8478375004953045,
            "samb": 3.817206698927369,
            "saml": 3.8335348920541072,
            "samh": 3.736038282524595
        },