{
    "imgid": 785,
    "adv_method": "PATA++",
    "evaluations": {
        "m0_p0": {
            "prompt": [
                956,
                987
            ],
            "fastsam": 98.14222969815906,
            "samb": 98.9977853684171,
            "saml": 98.86318869942033,
            "samh": 98.88494678155094
        },
        "m0_p1": {
            "prompt": [
                934,
                945
            ],
            "fastsam": 98.14222969815906,
            "samb": 98.9447990987608,
            "saml": 98.7900502738801,
            "samh": 98.84539566319347
        },
        "m0_p2": {
            "prompt": [
                784,
                1048
            ],
            "fastsam": 98.14222969815906,
            "samb": 98.84690504807692,
            "saml": 98.90213005536268,
            "samh": 98.92499343364227
        },
        "m0_p3": {
            "prompt": [
                767,
                1094
            ],
            "fastsam": 98.14222969815906,
            "samb": 98.8300030048077,
            "saml": 98.92289504794431,
            "samh": 98.88809720243006
        },
        "m0_p4": {
            "prompt": [
                972,
                1052
            ],
            "fastsam": 98.14222969815906,
            "samb": 98.9094117205391,
            "saml": 98.86681300538451,
            "samh": 98.87942037690517
        },
        "m0_p5": {
            "prompt": [
                700,
                932,
                1051,
                1189
            ],
            "fastsam": 98.14222969815906,
            "samb": 98.83952379164006,
            "saml": 98.87450759707372,
            "samh": 98.7506575486586
        },
        "m0_p6": {
            "prompt": [
                720,
                934,
                1030,
                1187
            ],
            "fastsam": 98.14222969815906,
            "samb": 98.8262690379162,
            "saml": 98.83703481392557,
            "samh": 98.75251282243974
        },
        "m0_p7": {
            "prompt": [
                710,
                933,
                1040,
                1187
            ],
            "fastsam": 98.14222969815906,
            "samb": 98.83378091607354,
            "saml": 98.8576466395303,
            "samh": 98.74687658519173
        },
        "m1_p0": {
            "prompt": [
                698,
                667
            ],
            "fastsam": 95.55787022853991,
            "samb": 97.87128405635201,
            "saml": 98.30804769931947,
            "samh": 98.3441235059761
        },
        "m1_p1": {
            "prompt": [
                644,
                699
            ],
            "fastsam": 95.55787022853991,
            "samb": 97.90916987219258,
            "saml": 98.33905713393693,
            "samh": 97.95460214517335
        },
        "m1_p2": {
            "prompt": [
                758,
                689
            ],
            "fastsam": 95.55787022853991,
            "samb": 97.91782859267522,
            "saml": 98.20994199463607,
            "samh": 98.35739173718268
        },
        "m1_p3": {
            "prompt": [
                755,
                742
            ],
            "fastsam": 95.55787022853991,
            "samb": 97.81211372064277,
            "saml": 97.99637975157606,
            "samh": 98.27339916775355
        },
        "m1_p4": {
            "prompt": [
                657,
                709
            ],
            "fastsam": 95.55787022853991,
            "samb": 97.86046511627907,
            "saml": 98.36485052736691,
            "samh": 96.7743948090841
        },
        "m1_p5": {
            "prompt": [
                579,
                659,
                790,
                773
            ],
            "fastsam": 95.55787022853991,
            "samb": 98.26780484765406,
            "saml": 98.34354294286786,
            "samh": 98.54493224255293
        },
        "m1_p6": {
            "prompt": [
                566,
                666,
                804,
                765
            ],
            "fastsam": 95.55787022853991,
            "samb": 98.26963774430475,
            "saml": 98.400399900025,
            "samh": 98.53896103896103
        },
        "m1_p7": {
            "prompt": [
                574,
                662,
                795,
                770
            ],
            "fastsam": 95.55787022853991,
            "samb": 98.26287279745968,
            "saml": 98.3375,
            "samh": 98.53244239055768
        }
    }
}