{
    "imgid": 79,
    "adv_method": "PATA++",
    "evaluations": {
        "m0_p0": {
            "prompt": [
                980,
                1096
            ],
            "fastsam": 0.0,
            "samb": 6.864117979656097,
            "saml": 16.853368673575194,
            "samh": 17.453052118996464
        },
        "m0_p1": {
            "prompt": [
                686,
                536
            ],
            "fastsam": 37.618170498859044,
            "samb": 0.44458669471263124,
            "saml": 36.620388856467116,
            "samh": 35.4245584977435
        },
        "m0_p2": {
            "prompt": [
                764,
                267
            ],
            "fastsam": 37.618170498859044,
            "samb": 36.450534418570655,
            "saml": 36.69479483548644,
            "samh": 36.473669826471735
        },
        "m0_p3": {
            "prompt": [
                1094,
                1402
            ],
            "fastsam": 31.512825243605153,
            "samb": 30.725963927540587,
            "saml": 31.472546722872725,
            "samh": 31.490237430073247
        },
        "m0_p4": {
            "prompt": [
                1353,
                318
            ],
            "fastsam": 37.618170498859044,
            "samb": 36.41079889022389,
            "saml": 36.56817189536985,
            "samh": 36.75694600130828
        },
        "m0_p5": {
            "prompt": [
                603,
                54,
                1499,
                1945
            ],
            "fastsam": 37.618170498859044,
            "samb": 71.67993297025555,
            "saml": 90.15270836441967,
            "samh": 87.89522582007957
        },
        "m0_p6": {
            "prompt": [
                604,
                0,
                1499,
                1999
            ],
            "fastsam": 37.618170498859044,
            "samb": 71.23671716585368,
            "saml": 86.61759629711977,
            "samh": 78.68690875950959
        },
        "m0_p7": {
            "prompt": [
                576,
                90,
                1499,
                1909
            ],
            "fastsam": 37.618170498859044,
            "samb": 70.38220903972851,
            "saml": 36.02290780725692,
            "samh": 93.58453325935955
        },
        "m1_p0": {
            "prompt": [
                77,
                687
            ],
            "fastsam": 34.67029756375296,
            "samb": 32.683517488276216,
            "saml": 35.72408907778811,
            "samh": 35.66887296962475
        },
        "m1_p1": {
            "prompt": [
                131,
                1363
            ],
            "fastsam": 32.65182421320387,
            "samb": 31.426495250420757,
            "saml": 35.16378509881752,
            "samh": 35.13469695343421
        },
        "m1_p2": {
            "prompt": [
                191,
                908
            ],
            "fastsam": 0.0,
            "samb": 32.61145598194131,
            "saml": 33.06244412769397,
            "samh": 35.716595672521024
        },
        "m1_p3": {
            "prompt": [
                333,
                1388
            ],
            "fastsam": 32.65182421320387,
            "samb": 32.24196354977562,
            "saml": 35.19975920959499,
            "samh": 37.2065390276728
        },
        "m1_p4": {
            "prompt": [
                396,
                1587
            ],
            "fastsam": 32.65182421320387,
            "samb": 32.670303982079666,
            "saml": 35.14324789301595,
            "samh": 39.87269513261549
        },
        "m1_p5": {
            "prompt": [
                22,
                0,
                713,
                1999
            ],
            "fastsam": 34.67029756375296,
            "samb": 66.68318139780685,
            "saml": 83.66564566790878,
            "samh": 77.32614436289339
        },
        "m1_p6": {
            "prompt": [
                0,
                72,
                742,
                1927
            ],
            "fastsam": 34.67029756375296,
            "samb": 63.731561617391314,
            "saml": 49.3381196263029,
            "samh": 86.02755025222748
        },
        "m1_p7": {
            "prompt": [
                18,
                0,
                716,
                1999
            ],
            "fastsam": 34.67029756375296,
            "samb": 66.73525274256725,
            "saml": 83.67897458677623,
            "samh": 77.38767133878635
        },
        "m2_p0": {
            "prompt": [
                1281,
                1965
            ],
            "fastsam": 0.1714937920406023,
            "samb": 50.483229107447414,
            "saml": 0.17415486839344096,
            "samh": 0.17779877903496108
        },
        "m2_p1": {
            "prompt": [
                1282,
                1974
            ],
            "fastsam": 0.1714937920406023,
            "samb": 53.04659498207885,
            "saml": 0.17396210447129626,
            "samh": 0.17532602150113033
        },
        "m2_p2": {
            "prompt": [
                1276,
                1947
            ],
            "fastsam": 0.1714937920406023,
            "samb": 47.30953649440597,
            "saml": 0.17339584435770314,
            "samh": 0.17315612130288283
        },
        "m2_p3": {
            "prompt": [
                1277,
                1977
            ],
            "fastsam": 0.1714937920406023,
            "samb": 54.047474132684115,
            "saml": 0.17411901269813881,
            "samh": 0.17668653063660875
        },
        "m2_p4": {
            "prompt": [
                1272,
                1983
            ],
            "fastsam": 0.1714937920406023,
            "samb": 52.08211143695015,
            "saml": 0.17420133201243734,
            "samh": 0.17499295495704986
        },
        "m2_p5": {
            "prompt": [
                1265,
                1933,
                1287,
                1999
            ],
            "fastsam": 0.1714937920406023,
            "samb": 83.96135265700484,
            "saml": 77.96143250688705,
            "samh": 79.76190476190476
        },
        "m2_p6": {
            "prompt": [
                1266,
                1933,
                1286,
                1998
            ],
            "fastsam": 0.1714937920406023,
            "samb": 85.41871921182266,
            "saml": 79.25233644859813,
            "samh": 81.3844714686623
        },
        "m2_p7": {
            "prompt": [
                1266,
                1934,
                1286,
                1998
            ],
            "fastsam": 0.1714937920406023,
            "samb": 85.55885262116716,
            "saml": 79.06103286384976,
            "samh": 81.19738072965389
        },
        "m3_p0": {
            "prompt": [
                993,
                677
            ],
            "fastsam": 0.0,
            "samb": 1.173616117454633,
            "saml": 0.9829789995025628,
            "samh": 0.9130295035423001
        },
        "m3_p1": {
            "prompt": [
                989,
                699
            ],
            "fastsam": 0.0,
            "samb": 0.5763146716147589,
            "saml": 0.9445169871051091,
            "samh": 0.9274406108116381
        },
        "m3_p2": {
            "prompt": [
                964,
                713
            ],
            "fastsam": 0.0,
            "samb": 0.5574561041958619,
            "saml": 0.979561047451417,
            "samh": 0.9260579881415677
        },
        "m3_p3": {
            "prompt": [
                969,
                709
            ],
            "fastsam": 0.0,
            "samb": 0.5573040544846428,
            "saml": 0.9833157247581376,
            "samh": 0.9276803908027991
        },