{
    "imgid": 829,
    "adv_method": "PATA++",
    "evaluations": {
        "m0_p0": {
            "prompt": [
                800,
                783
            ],
            "fastsam": 15.791224984551029,
            "samb": 40.84161309175921,
            "saml": 91.23931623931624,
            "samh": 88.7583035258048
        },
        "m0_p1": {
            "prompt": [
                757,
                778
            ],
            "fastsam": 15.791224984551029,
            "samb": 41.61290322580645,
            "saml": 90.14304291287387,
            "samh": 85.60215844984057
        },
        "m0_p2": {
            "prompt": [
                744,
                784
            ],
            "fastsam": 15.791224984551029,
            "samb": 40.97434690515416,
            "saml": 90.11960478419137,
            "samh": 83.94882935071205
        },
        "m0_p3": {
            "prompt": [
                729,
                804
            ],
            "fastsam": 15.791224984551029,
            "samb": 41.324771078606254,
            "saml": 89.64972346589413,
            "samh": 80.75226375667518
        },
        "m0_p4": {
            "prompt": [
                739,
                809
            ],
            "fastsam": 0.0,
            "samb": 31.86813186813187,
            "saml": 2.945657694261046,
            "samh": 77.3124300111982
        },
        "m0_p5": {
            "prompt": [
                681,
                768,
                827,
                810
            ],
            "fastsam": 15.791224984551029,
            "samb": 92.23880597014926,
            "saml": 91.15610015982952,
            "samh": 87.74723863344464
        },
        "m0_p6": {
            "prompt": [
                681,
                768,
                827,
                810
            ],
            "fastsam": 15.791224984551029,
            "samb": 92.23880597014926,
            "saml": 91.15610015982952,
            "samh": 87.74723863344464
        },
        "m0_p7": {
            "prompt": [
                683,
                768,
                826,
                811
            ],
            "fastsam": 15.791224984551029,
            "samb": 92.24301600216978,
            "saml": 91.13418530351437,
            "samh": 87.65083440308088
        },
        "m1_p0": {
            "prompt": [
                859,
                758
            ],
            "fastsam": 22.639265496408353,
            "samb": 49.38982270320055,
            "saml": 93.13370207896243,
            "samh": 92.40458015267176
        },
        "m1_p1": {
            "prompt": [
                934,
                724
            ],
            "fastsam": 22.986322188449847,
            "samb": 12.869157050655193,
            "saml": 79.87051206592113,
            "samh": 91.42634450506625
        },
        "m1_p2": {
            "prompt": [
                937,
                713
            ],
            "fastsam": 22.986322188449847,
            "samb": 12.83004107177782,
            "saml": 82.7363476218438,
            "samh": 90.4390243902439
        },
        "m1_p3": {
            "prompt": [
                822,
                773
            ],
            "fastsam": 22.639265496408353,
            "samb": 50.58449665191238,
            "saml": 55.794531518132935,
            "samh": 89.0481440646821
        },
        "m1_p4": {
            "prompt": [
                886,
                746
            ],
            "fastsam": 22.639265496408353,
            "samb": 52.13980851309263,
            "saml": 92.99847792998477,
            "samh": 92.36917221693625
        },
        "m1_p5": {
            "prompt": [
                778,
                708,
                959,
                778
            ],
            "fastsam": 74.72527472527473,
            "samb": 91.28693994280268,
            "saml": 92.77154270496482,
            "samh": 91.99771906481658
        },
        "m1_p6": {
            "prompt": [
                784,
                704,
                952,
                783
            ],
            "fastsam": 74.72527472527473,
            "samb": 89.27708604348634,
            "saml": 92.37752979005107,
            "samh": 91.78652535957607
        },
        "m1_p7": {
            "prompt": [
                782,
                709,
                954,
                778
            ],
            "fastsam": 74.72527472527473,
            "samb": 91.20122417750574,
            "saml": 92.69406392694064,
            "samh": 91.99315329022441
        },
        "m2_p0": {
            "prompt": [
                653,
                868
            ],
            "fastsam": 0.0,
            "samb": 89.26417370325693,
            "saml": 92.36053288925895,
            "samh": 91.89973068158277
        },
        "m2_p1": {
            "prompt": [
                612,
                866
            ],
            "fastsam": 86.33396504527269,
            "samb": 88.91640866873065,
            "saml": 92.17865380582931,
            "samh": 91.1482254697286
        },
        "m2_p2": {
            "prompt": [
                716,
                835
            ],
            "fastsam": 86.33396504527269,
            "samb": 87.53376272595055,
            "saml": 92.14165968147528,
            "samh": 91.1125052279381
        },
        "m2_p3": {
            "prompt": [
                730,
                826
            ],
            "fastsam": 86.33396504527269,
            "samb": 88.82646691635456,
            "saml": 91.75062972292191,
            "samh": 91.12785101485666
        },
        "m2_p4": {
            "prompt": [
                679,
                847
            ],
            "fastsam": 86.33396504527269,
            "samb": 86.99186991869918,
            "saml": 92.07713267658772,
            "samh": 91.12413648733515
        },
        "m2_p5": {
            "prompt": [
                579,
                814,
                766,
                868
            ],
            "fastsam": 86.33396504527269,
            "samb": 88.77083333333333,
            "saml": 92.15317011927182,
            "samh": 90.73957678608842
        },
        "m2_p6": {
            "prompt": [
                579,
                813,
                765,
                869
            ],
            "fastsam": 86.33396504527269,
            "samb": 88.7963348604748,
            "saml": 92.21757322175732,
            "samh": 90.78147915357218
        },
        "m2_p7": {
            "prompt": [
                582,
                810,
                762,
                872
            ],
            "fastsam": 86.33396504527269,
            "samb": 89.00665004156276,
            "saml": 92.3913043478261,
            "samh": 90.93193717277487
        },
        "m3_p0": {
            "prompt": [
                717,
                788
            ],
            "fastsam": 37.99237611181702,
            "samb": 87.571189279732,
            "saml": 38.14747794616603,
            "samh": 36.182732427516854
        },
        "m3_p1": {
            "prompt": [
                875,
                741
            ],
            "fastsam": 37.99237611181702,
            "samb": 88.29799169752047,
            "saml": 56.436097114063216,
            "samh": 56.83304647160069
        },
        "m3_p2": {
            "prompt": [
                934,
                739
            ],
            "fastsam": 37.99237611181702,
            "samb": 88.21874648362777,
            "saml": 55.76435323956652,
            "samh": 56.86746987951807
        },
        "m3_p3": {
            "prompt": [
                832,
                774
            ],
            "fastsam": 37.99237611181702,
            "samb": 89.60790922368274,
            "saml": 63.37980661119856,
            "samh": 57.14939373141158
        },