{
    "imgid": 832,
    "adv_method": "PATA++",
    "evaluations": {
        "m0_p0": {
            "prompt": [
                320,
                1076
            ],
            "fastsam": 0.0,
            "samb": 1.6603487150676048,
            "saml": 1.8799952783459866,
            "samh": 2.034943228087267
        },
        "m0_p1": {
            "prompt": [
                1329,
                886
            ],
            "fastsam": 0.0,
            "samb": 2.09271874133056,
            "saml": 27.689213560709863,
            "samh": 27.755705207416582
        },
        "m0_p2": {
            "prompt": [
                807,
                409
            ],
            "fastsam": 0.0,
            "samb": 37.75558072063081,
            "saml": 34.10348283089085,
            "samh": 34.11175597824707
        },
        "m0_p3": {
            "prompt": [
                1361,
                474
            ],
            "fastsam": 0.0,
            "samb": 1.5416598805341843,
            "saml": 27.697780274742488,
            "samh": 27.748682494168907
        },
        "m0_p4": {
            "prompt": [
                293,
                1406
            ],
            "fastsam": 0.0,
            "samb": 14.138424654635442,
            "saml": 17.26775499064177,
            "samh": 16.902440312014097
        },
        "m0_p5": {
            "prompt": [
                0,
                0,
                1499,
                1499
            ],
            "fastsam": 0.0,
            "samb": 51.48302744212849,
            "saml": 75.71824675224416,
            "samh": 76.20076711630115
        },
        "m0_p6": {
            "prompt": [
                0,
                35,
                1499,
                1463
            ],
            "fastsam": 0.0,
            "samb": 51.59360448919489,
            "saml": 75.57400719504366,
            "samh": 75.4701108841596
        },
        "m0_p7": {
            "prompt": [
                10,
                63,
                1488,
                1435
            ],
            "fastsam": 0.0,
            "samb": 51.64891946786227,
            "saml": 40.95153281923088,
            "samh": 27.948207240766003
        },
        "m1_p0": {
            "prompt": [
                687,
                446
            ],
            "fastsam": 1.6280445802497483,
            "samb": 92.3095703125,
            "saml": 20.687936191425724,
            "samh": 84.81271282633371
        },
        "m1_p1": {
            "prompt": [
                775,
                439
            ],
            "fastsam": 1.6280445802497483,
            "samb": 96.84895833333333,
            "saml": 10.09777251057182,
            "samh": 51.69468173050427
        },
        "m1_p2": {
            "prompt": [
                824,
                446
            ],
            "fastsam": 1.6280445802497483,
            "samb": 93.42235410484669,
            "saml": 9.191428851623026,
            "samh": 96.69786791471658
        },
        "m1_p3": {
            "prompt": [
                698,
                443
            ],
            "fastsam": 1.6280445802497483,
            "samb": 96.31713554987212,
            "saml": 32.83844329262936,
            "samh": 54.231884057971016
        },
        "m1_p4": {
            "prompt": [
                815,
                448
            ],
            "fastsam": 1.6280445802497483,
            "samb": 94.49173760640961,
            "saml": 8.418545070454188,
            "samh": 96.94756065744848
        },
        "m1_p5": {
            "prompt": [
                679,
                430,
                830,
                458
            ],
            "fastsam": 93.07415036045315,
            "samb": 96.6251298026999,
            "saml": 93.83399209486166,
            "samh": 93.14888010540184
        },
        "m1_p6": {
            "prompt": [
                670,
                432,
                839,
                456
            ],
            "fastsam": 93.07415036045315,
            "samb": 95.76008273009307,
            "saml": 94.28947368421052,
            "samh": 92.91545957334738
        },
        "m1_p7": {
            "prompt": [
                665,
                432,
                843,
                457
            ],
            "fastsam": 93.07415036045315,
            "samb": 96.05974761782127,
            "saml": 95.66815437122604,
            "samh": 94.25862523044509
        },
        "m2_p0": {
            "prompt": [
                854,
                691
            ],
            "fastsam": 96.57572406935981,
            "samb": 10.598848269391338,
            "saml": 6.072276920958414,
            "samh": 6.222080683060344
        },
        "m2_p1": {
            "prompt": [
                746,
                898
            ],
            "fastsam": 97.62803142043701,
            "samb": 1.0021480751266676,
            "saml": 30.934003727921965,
            "samh": 31.36706256107378
        },
        "m2_p2": {
            "prompt": [
                659,
                815
            ],
            "fastsam": 97.62803142043701,
            "samb": 64.00495628829077,
            "saml": 73.90956554648592,
            "samh": 96.80167825915004
        },
        "m2_p3": {
            "prompt": [
                794,
                1161
            ],
            "fastsam": 97.62803142043701,
            "samb": 64.12379203419935,
            "saml": 75.3490253105196,
            "samh": 97.28399735024132
        },
        "m2_p4": {
            "prompt": [
                853,
                1162
            ],
            "fastsam": 97.62803142043701,
            "samb": 63.9714298007831,
            "saml": 91.09117032168145,
            "samh": 98.53067016404721
        },
        "m2_p5": {
            "prompt": [
                585,
                437,
                923,
                1235
            ],
            "fastsam": 96.61295302128535,
            "samb": 94.21655118991264,
            "saml": 98.80388843744491,
            "samh": 99.15796086260606
        },
        "m2_p6": {
            "prompt": [
                603,
                471,
                904,
                1202
            ],
            "fastsam": 96.61295302128535,
            "samb": 84.59760318198254,
            "saml": 97.95735747104679,
            "samh": 96.77974709695191
        },
        "m2_p7": {
            "prompt": [
                600,
                446,
                907,
                1227
            ],
            "fastsam": 96.61295302128535,
            "samb": 89.91740232685264,
            "saml": 98.80795727223469,
            "samh": 99.03812634759144
        },
        "m3_p0": {
            "prompt": [
                803,
                671
            ],
            "fastsam": 6.256044300583344,
            "samb": 56.49527470767259,
            "saml": 94.92423226498592,
            "samh": 96.35136056741459
        },
        "m3_p1": {
            "prompt": [
                707,
                684
            ],
            "fastsam": 6.256044300583344,
            "samb": 28.641780155642024,
            "saml": 95.86015312690562,
            "samh": 96.45051194539249
        },
        "m3_p2": {
            "prompt": [
                647,
                688
            ],
            "fastsam": 6.256044300583344,
            "samb": 46.519820887659684,
            "saml": 97.1018492961634,
            "samh": 95.92904716596439
        },
        "m3_p3": {
            "prompt": [
                643,
                686
            ],
            "fastsam": 6.256044300583344,
            "samb": 48.62707315394673,
            "saml": 97.09964781437746,
            "samh": 96.01851221670184
        },
        "m3_p4": {
            "prompt": [
                708,
                669
            ],
            "fastsam": 6.256044300583344,