{
    "imgid": 900,
    "adv_method": "PATA++",
    "evaluations": {
        "m0_p0": {
            "prompt": [
                1086,
                711
            ],
            "fastsam": 0.0,
            "samb": 80.66061181148615,
            "saml": 86.16727064657638,
            "samh": 87.91369004228022
        },
        "m0_p1": {
            "prompt": [
                1107,
                730
            ],
            "fastsam": 0.0,
            "samb": 85.76762889559097,
            "saml": 86.16940099198779,
            "samh": 87.62896585129572
        },
        "m0_p2": {
            "prompt": [
                1103,
                719
            ],
            "fastsam": 0.0,
            "samb": 85.01421800947867,
            "saml": 86.16529162096428,
            "samh": 87.65988372093024
        },
        "m0_p3": {
            "prompt": [
                1101,
                696
            ],
            "fastsam": 0.0,
            "samb": 83.10660744031094,
            "saml": 86.1276636315965,
            "samh": 87.61319064452084
        },
        "m0_p4": {
            "prompt": [
                1029,
                703
            ],
            "fastsam": 0.0,
            "samb": 82.102099281454,
            "saml": 87.03989207939873,
            "samh": 88.47847358121331
        },
        "m0_p5": {
            "prompt": [
                1021,
                564,
                1118,
                816
            ],
            "fastsam": 0.0,
            "samb": 88.63929386095408,
            "saml": 88.2707577688462,
            "samh": 90.9008509995468
        },
        "m0_p6": {
            "prompt": [
                1015,
                579,
                1125,
                801
            ],
            "fastsam": 0.0,
            "samb": 87.4412915851272,
            "saml": 88.06576307677253,
            "samh": 90.60257889719533
        },
        "m0_p7": {
            "prompt": [
                1020,
                557,
                1120,
                823
            ],
            "fastsam": 0.0,
            "samb": 86.89812345439557,
            "saml": 87.86696576611723,
            "samh": 90.38038038038039
        },
        "m1_p0": {
            "prompt": [
                1139,
                969
            ],
            "fastsam": 16.976026298909556,
            "samb": 5.408605832334646,
            "saml": 54.30115674092034,
            "samh": 85.72504053741024
        },
        "m1_p1": {
            "prompt": [
                1388,
                1241
            ],
            "fastsam": 16.976026298909556,
            "samb": 28.78513440375248,
            "saml": 53.85593250944391,
            "samh": 54.257119303472514
        },
        "m1_p2": {
            "prompt": [
                1835,
                1425
            ],
            "fastsam": 0.0,
            "samb": 15.549818220138047,
            "saml": 42.821443489031964,
            "samh": 93.85425118656968
        },
        "m1_p3": {
            "prompt": [
                1286,
                1126
            ],
            "fastsam": 16.976026298909556,
            "samb": 16.240457606421344,
            "saml": 53.75161660898654,
            "samh": 88.07114624505928
        },
        "m1_p4": {
            "prompt": [
                1785,
                1494
            ],
            "fastsam": 0.0,
            "samb": 15.214873624233608,
            "saml": 42.64898753332853,
            "samh": 83.54583874462757
        },
        "m1_p5": {
            "prompt": [
                1106,
                916,
                1955,
                1469
            ],
            "fastsam": 17.727957799547852,
            "samb": 34.77812052172646,
            "saml": 96.03861899172655,
            "samh": 96.33996403925833
        },
        "m1_p6": {
            "prompt": [
                1052,
                865,
                1999,
                1499
            ],
            "fastsam": 17.727957799547852,
            "samb": 60.591066787858615,
            "saml": 93.9567784337752,
            "samh": 96.50370645717022
        },
        "m1_p7": {
            "prompt": [
                1034,
                893,
                1999,
                1492
            ],
            "fastsam": 17.727957799547852,
            "samb": 83.94983978906137,
            "saml": 93.63604414142124,
            "samh": 96.50540320623546
        },
        "m2_p0": {
            "prompt": [
                1914,
                982
            ],
            "fastsam": 0.0,
            "samb": 39.244840992921944,
            "saml": 81.57119886399232,
            "samh": 40.79117054500443
        },
        "m2_p1": {
            "prompt": [
                1943,
                936
            ],
            "fastsam": 0.0,
            "samb": 39.2613316178194,
            "saml": 81.46677919128143,
            "samh": 40.75055233325227
        },
        "m2_p2": {
            "prompt": [
                1844,
                909
            ],
            "fastsam": 0.0,
            "samb": 39.19988050486694,
            "saml": 81.41511792649388,
            "samh": 40.47247088810549
        },
        "m2_p3": {
            "prompt": [
                1623,
                884
            ],
            "fastsam": 0.0,
            "samb": 39.172586961070536,
            "saml": 80.210663969514,
            "samh": 39.78027528728375
        },
        "m2_p4": {
            "prompt": [
                1732,
                979
            ],
            "fastsam": 0.0,
            "samb": 39.167897954817946,
            "saml": 81.22262584327972,
            "samh": 40.21527118245969
        },
        "m2_p5": {
            "prompt": [
                1318,
                831,
                1992,
                1041
            ],
            "fastsam": 0.42516647660880463,
            "samb": 77.19993256911665,
            "saml": 80.6413276681671,
            "samh": 80.99773432910968
        },
        "m2_p6": {
            "prompt": [
                1342,
                825,
                1968,
                1047
            ],
            "fastsam": 0.42516647660880463,
            "samb": 78.49844560684994,
            "saml": 81.63311298076923,
            "samh": 82.50940468852947
        },
        "m2_p7": {
            "prompt": [
                1303,
                828,
                1999,
                1045
            ],
            "fastsam": 0.42516647660880463,
            "samb": 76.55352480417754,
            "saml": 80.29099142539675,
            "samh": 80.40028906274547
        },
        "m3_p0": {
            "prompt": [
                189,
                1045
            ],
            "fastsam": 0.0,
            "samb": 16.023458191449112,
            "saml": 84.49955713020373,
            "samh": 83.46666666666667
        },
        "m3_p1": {
            "prompt": [
                214,
                1044
            ],
            "fastsam": 0.0,
            "samb": 33.794162826420894,
            "saml": 83.87953941541187,
            "samh": 83.48056537102474
        },
        "m3_p2": {
            "prompt": [
                232,
                1061
            ],
            "fastsam": 0.0,
            "samb": 0.0,
            "saml": 80.76271186440678,
            "samh": 82.59740259740259
        },
        "m3_p3": {
            "prompt": [
                229,
                1046
            ],
            "fastsam": 0.0,
            "samb": 42.07492795389049,
            "saml": 83.80281690140845,
            "samh": 82.95454545454545
        },
        "m3_p4": {
            "prompt": [
                224,
                1049
            ],
            "fastsam": 0.0,
            "samb": 29.42866262368337,
            "saml": 83.96811337466785,
            "samh": 82.99737072743207
        },