{
    "imgid": 357,
    "adv_method": "UAD",
    "evaluations": {
        "m0_p0": {
            "prompt": [
                616,
                1622
            ],
            "fastsam": 0.0,
            "samb": 7.285723935912158,
            "saml": 7.306109983922942,
            "samh": 7.204384315749376
        },
        "m0_p1": {
            "prompt": [
                282,
                23
            ],
            "fastsam": 0.0,
            "samb": 11.128426930896717,
            "saml": 8.547556036025917,
            "samh": 8.5180169070062
        },
        "m0_p2": {
            "prompt": [
                784,
                1559
            ],
            "fastsam": 0.0,
            "samb": 7.279993964626395,
            "saml": 7.173162057694941,
            "samh": 7.213748465024502
        },
        "m0_p3": {
            "prompt": [
                109,
                1411
            ],
            "fastsam": 0.0,
            "samb": 8.368014437842271,
            "saml": 8.39196544185508,
            "samh": 8.465054350543243
        },
        "m0_p4": {
            "prompt": [
                954,
                86
            ],
            "fastsam": 0.0,
            "samb": 6.24843102385897,
            "saml": 7.028347927448405,
            "samh": 8.904707777246255
        },
        "m0_p5": {
            "prompt": [
                0,
                0,
                1499,
                1669
            ],
            "fastsam": 0.0,
            "samb": 39.60022983840322,
            "saml": 89.04494674301728,
            "samh": 98.3665275160922
        },
        "m0_p6": {
            "prompt": [
                0,
                55,
                1499,
                1614
            ],
            "fastsam": 0.0,
            "samb": 31.072511573140638,
            "saml": 88.63054945552511,
            "samh": 98.64782614407132
        },
        "m0_p7": {
            "prompt": [
                26,
                55,
                1472,
                1613
            ],
            "fastsam": 0.0,
            "samb": 23.64182487388553,
            "saml": 88.45834725640584,
            "samh": 97.82251646806824
        },
        "m1_p0": {
            "prompt": [
                287,
                1301
            ],
            "fastsam": 0.0,
            "samb": 8.019179238495573,
            "saml": 98.70330853667254,
            "samh": 99.23966656352948
        },
        "m1_p1": {
            "prompt": [
                390,
                920
            ],
            "fastsam": 0.0,
            "samb": 0.44586665854939234,
            "saml": 96.31974297100739,
            "samh": 98.53184788257826
        },
        "m1_p2": {
            "prompt": [
                321,
                1081
            ],
            "fastsam": 0.0,
            "samb": 7.998892279100338,
            "saml": 93.94887639166863,
            "samh": 98.87027872138893
        },
        "m1_p3": {
            "prompt": [
                1112,
                983
            ],
            "fastsam": 0.0,
            "samb": 10.46424520023116,
            "saml": 92.55876779775811,
            "samh": 99.29022567827063
        },
        "m1_p4": {
            "prompt": [
                284,
                611
            ],
            "fastsam": 0.0,
            "samb": 30.40843372944647,
            "saml": 98.4319409571635,
            "samh": 99.39301305075038
        },
        "m1_p5": {
            "prompt": [
                164,
                241,
                1347,
                1420
            ],
            "fastsam": 1.3783892791099408,
            "samb": 66.71067751337448,
            "saml": 92.92724131895561,
            "samh": 99.09634796157158
        },
        "m1_p6": {
            "prompt": [
                247,
                182,
                1264,
                1479
            ],
            "fastsam": 1.3783892791099408,
            "samb": 91.85747714190764,
            "saml": 98.47088937383772,
            "samh": 99.3408665047529
        },
        "m1_p7": {
            "prompt": [
                169,
                197,
                1342,
                1465
            ],
            "fastsam": 1.3783892791099408,
            "samb": 94.0546297313994,
            "saml": 99.05132829999947,
            "samh": 99.36717126924151
        },
        "m2_p0": {
            "prompt": [
                332,
                431
            ],
            "fastsam": 0.0,
            "samb": 4.032969715176208,
            "saml": 0.3317135042029871,
            "samh": 0.33013336315512515
        },
        "m2_p1": {
            "prompt": [
                350,
                430
            ],
            "fastsam": 0.0,
            "samb": 4.012288040636438,
            "saml": 0.33183558201343355,
            "samh": 0.3302072184370549
        },
        "m2_p2": {
            "prompt": [
                285,
                420
            ],
            "fastsam": 0.0,
            "samb": 3.985093218855843,
            "saml": 0.3326035604786713,
            "samh": 0.32932992439929765
        },
        "m2_p3": {
            "prompt": [
                330,
                438
            ],
            "fastsam": 0.0,
            "samb": 4.008169279406142,
            "saml": 0.33219621003432953,
            "samh": 0.3294467282347312
        },
        "m2_p4": {
            "prompt": [
                264,
                415
            ],
            "fastsam": 0.0,
            "samb": 11.953801732435034,
            "saml": 0.3289265318551227,
            "samh": 0.3280877356846034
        },
        "m2_p5": {
            "prompt": [
                237,
                375,
                358,
                483
            ],
            "fastsam": 0.0,
            "samb": 60.80628729442585,
            "saml": 59.786736780601814,
            "samh": 89.84126984126983
        },
        "m2_p6": {
            "prompt": [
                244,
                375,
                352,
                482
            ],
            "fastsam": 0.0,
            "samb": 62.43702770780856,
            "saml": 61.10502426044764,
            "samh": 88.86997233453927
        },
        "m2_p7": {
            "prompt": [
                239,
                377,
                356,
                481
            ],
            "fastsam": 0.0,
            "samb": 63.310344827586206,
            "saml": 61.36294953158054,
            "samh": 89.87880076546885
        },
        "m3_p0": {
            "prompt": [
                723,
                342
            ],
            "fastsam": 97.12502785825718,
            "samb": 95.23435747925544,
            "saml": 97.69595662977186,
            "samh": 97.74638412378069
        },
        "m3_p1": {
            "prompt": [
                655,
                372
            ],
            "fastsam": 97.12502785825718,
            "samb": 95.40217026513032,
            "saml": 98.0507042253521,
            "samh": 98.11785794308761
        },
        "m3_p2": {
            "prompt": [
                705,
                390
            ],
            "fastsam": 97.12502785825718,
            "samb": 94.40833706857912,
            "saml": 97.28936074090807,
            "samh": 97.91175479959583
        },
        "m3_p3": {
            "prompt": [
                666,
                350
            ],
            "fastsam": 97.12502785825718,
            "samb": 95.58691756272401,
            "saml": 98.17382482245519,
            "samh": 98.04735719896757
        },
        "m3_p4": {
            "prompt": [
                714,
                375
            ],
            "fastsam": 97.12502785825718,
            "samb": 94.76398699405763,
            "saml": 97.47007002484753,
            "samh": 97.84439205119568
        },