{
    "imgid": 431,
    "adv_method": "UAD",
    "evaluations": {
        "m0_p0": {
            "prompt": [
                403,
                815
            ],
            "fastsam": 0.0,
            "samb": 3.4948419301164724,
            "saml": 5.635008992035625,
            "samh": 5.640199432466121
        },
        "m0_p1": {
            "prompt": [
                460,
                798
            ],
            "fastsam": 0.0,
            "samb": 13.813292035732497,
            "saml": 13.85122822363146,
            "samh": 13.917688298681307
        },
        "m0_p2": {
            "prompt": [
                439,
                832
            ],
            "fastsam": 0.0,
            "samb": 13.928850441112022,
            "saml": 13.786981176513216,
            "samh": 13.551704300302028
        },
        "m0_p3": {
            "prompt": [
                445,
                784
            ],
            "fastsam": 0.0,
            "samb": 13.848189810000946,
            "saml": 14.079847482337108,
            "samh": 14.048981889837666
        },
        "m0_p4": {
            "prompt": [
                449,
                767
            ],
            "fastsam": 0.0,
            "samb": 14.05682099294019,
            "saml": 14.406502815196296,
            "samh": 11.456539472491617
        },
        "m0_p5": {
            "prompt": [
                398,
                769,
                491,
                863
            ],
            "fastsam": 0.0,
            "samb": 55.2426009461987,
            "saml": 55.83439343124783,
            "samh": 63.95295729618634
        },
        "m0_p6": {
            "prompt": [
                394,
                763,
                495,
                869
            ],
            "fastsam": 0.0,
            "samb": 56.2531391260673,
            "saml": 56.18934656027604,
            "samh": 58.94685990338164
        },
        "m0_p7": {
            "prompt": [
                398,
                760,
                492,
                872
            ],
            "fastsam": 0.0,
            "samb": 54.43579766536965,
            "saml": 50.96947590708389,
            "samh": 56.2155599140749
        },
        "m1_p0": {
            "prompt": [
                2118,
                1389
            ],
            "fastsam": 0.47585009700806696,
            "samb": 0.47397221261620454,
            "saml": 0.47442580224792313,
            "samh": 0.4763170268004988
        },
        "m1_p1": {
            "prompt": [
                2117,
                1398
            ],
            "fastsam": 0.47585009700806696,
            "samb": 0.47398185442857727,
            "saml": 0.4744161423655651,
            "samh": 0.47633650209547174
        },
        "m1_p2": {
            "prompt": [
                2117,
                1387
            ],
            "fastsam": 0.47585009700806696,
            "samb": 0.47397221261620454,
            "saml": 0.47442580224792313,
            "samh": 0.4763072897501942
        },
        "m1_p3": {
            "prompt": [
                2119,
                1392
            ],
            "fastsam": 0.47585009700806696,
            "samb": 0.47397221261620454,
            "saml": 0.47442580224792313,
            "samh": 0.4763462403401889
        },
        "m1_p4": {
            "prompt": [
                2120,
                1380
            ],
            "fastsam": 0.47585009700806696,
            "samb": 0.47399149663323636,
            "saml": 0.4744064828765729,
            "samh": 0.4762391415431783
        },
        "m1_p5": {
            "prompt": [
                2116,
                1369,
                2120,
                1415
            ],
            "fastsam": 0.47585009700806696,
            "samb": 56.479217603911984,
            "saml": 53.02325581395349,
            "samh": 60.997067448680355
        },
        "m1_p6": {
            "prompt": [
                2116,
                1372,
                2120,
                1412
            ],
            "fastsam": 0.47585009700806696,
            "samb": 59.733333333333334,
            "saml": 53.562653562653566,
            "samh": 55.18292682926829
        },
        "m1_p7": {
            "prompt": [
                2116,
                1370,
                2120,
                1415
            ],
            "fastsam": 0.47585009700806696,
            "samb": 57.89473684210526,
            "saml": 52.5462962962963,
            "samh": 60.83086053412463
        },
        "m2_p0": {
            "prompt": [
                1925,
                38
            ],
            "fastsam": 0.0,
            "samb": 19.041614123581336,
            "saml": 7.362262311067772,
            "samh": 7.092531705025833
        },
        "m2_p1": {
            "prompt": [
                1926,
                38
            ],
            "fastsam": 0.0,
            "samb": 18.19277108433735,
            "saml": 7.136105860113422,
            "samh": 6.511427339370418
        },
        "m2_p2": {
            "prompt": [
                1925,
                39
            ],
            "fastsam": 0.0,
            "samb": 18.369829683698295,
            "saml": 7.305273343009192,
            "samh": 7.016728624535316
        },
        "m2_p3": {
            "prompt": [
                1918,
                27
            ],
            "fastsam": 0.0,
            "samb": 29.352226720647774,
            "saml": 6.0231352213801355,
            "samh": 2.522552622786502
        },
        "m2_p4": {
            "prompt": [
                1927,
                40
            ],
            "fastsam": 0.0,
            "samb": 16.48471615720524,
            "saml": 7.26660250240616,
            "samh": 6.056959486562374
        },
        "m2_p5": {
            "prompt": [
                1917,
                23,
                1935,
                54
            ],
            "fastsam": 0.0,
            "samb": 44.17910447761194,
            "saml": 53.35689045936396,
            "samh": 50.671140939597315
        },
        "m2_p6": {
            "prompt": [
                1917,
                24,
                1934,
                54
            ],
            "fastsam": 0.0,
            "samb": 45.5108359133127,
            "saml": 53.92857142857143,
            "samh": 51.013513513513516
        },
        "m2_p7": {
            "prompt": [
                1918,
                22,
                1934,
                56
            ],
            "fastsam": 0.0,
            "samb": 42.98245614035088,
            "saml": 53.54609929078014,
            "samh": 50.847457627118644
        },
        "m3_p0": {
            "prompt": [
                1050,
                1370
            ],
            "fastsam": 89.43070828589465,
            "samb": 5.05998282512357,
            "saml": 97.67361418815196,
            "samh": 98.51614448487061
        },
        "m3_p1": {
            "prompt": [
                1230,
                1174
            ],
            "fastsam": 89.43070828589465,
            "samb": 92.37194306923593,
            "saml": 97.82554675517193,
            "samh": 98.46789273253825
        },
        "m3_p2": {
            "prompt": [
                1150,
                1483
            ],
            "fastsam": 89.43070828589465,
            "samb": 96.06526513962974,
            "saml": 97.96119575655167,
            "samh": 98.46469977997926
        },
        "m3_p3": {
            "prompt": [
                607,
                1426
            ],
            "fastsam": 89.43070828589465,
            "samb": 93.84957795439097,
            "saml": 97.83766343158501,
            "samh": 98.44535010863237
        },
        "m3_p4": {
            "prompt": [
                639,
                1332
            ],
            "fastsam": 89.43070828589465,
            "samb": 93.97059287449346,