{
    "imgid": 511,
    "adv_method": "UAD",
    "evaluations": {
        "m0_p0": {
            "prompt": [
                208,
                1413
            ],
            "fastsam": 0.0,
            "samb": 34.28220891356612,
            "saml": 35.79895653784949,
            "samh": 35.65743457146172
        },
        "m0_p1": {
            "prompt": [
                589,
                1440
            ],
            "fastsam": 0.0,
            "samb": 31.285820174451693,
            "saml": 35.13229123926251,
            "samh": 35.90850795186792
        },
        "m0_p2": {
            "prompt": [
                60,
                1275
            ],
            "fastsam": 0.0,
            "samb": 31.144354334411098,
            "saml": 33.8263790731677,
            "samh": 20.39389686975284
        },
        "m0_p3": {
            "prompt": [
                537,
                1263
            ],
            "fastsam": 0.0,
            "samb": 24.877058986801426,
            "saml": 27.6398597543496,
            "samh": 20.448598977691407
        },
        "m0_p4": {
            "prompt": [
                611,
                1334
            ],
            "fastsam": 0.0,
            "samb": 31.402336123887363,
            "saml": 33.84813981199523,
            "samh": 35.84883774880527
        },
        "m0_p5": {
            "prompt": [
                14,
                1034,
                955,
                1499
            ],
            "fastsam": 0.0,
            "samb": 68.07135521913406,
            "saml": 74.07613686468352,
            "samh": 37.508715081573165
        },
        "m0_p6": {
            "prompt": [
                48,
                1026,
                922,
                1499
            ],
            "fastsam": 0.0,
            "samb": 44.616446492983314,
            "saml": 74.60794459480974,
            "samh": 36.72165763061876
        },
        "m0_p7": {
            "prompt": [
                0,
                1059,
                985,
                1482
            ],
            "fastsam": 0.0,
            "samb": 44.805919625320044,
            "saml": 73.30007893497482,
            "samh": 36.895556876168214
        },
        "m1_p0": {
            "prompt": [
                861,
                596
            ],
            "fastsam": 94.7325386237466,
            "samb": 95.90748860803026,
            "saml": 97.35191637630662,
            "samh": 97.4813717373306
        },
        "m1_p1": {
            "prompt": [
                991,
                600
            ],
            "fastsam": 94.7325386237466,
            "samb": 96.71746776084407,
            "saml": 97.68682495955223,
            "samh": 97.82599167214552
        },
        "m1_p2": {
            "prompt": [
                1080,
                660
            ],
            "fastsam": 94.7325386237466,
            "samb": 96.98868581375109,
            "saml": 97.54277234636872,
            "samh": 97.90341681652704
        },
        "m1_p3": {
            "prompt": [
                1032,
                669
            ],
            "fastsam": 94.7325386237466,
            "samb": 96.90380935814925,
            "saml": 97.51363140676118,
            "samh": 97.84027686511587
        },
        "m1_p4": {
            "prompt": [
                957,
                674
            ],
            "fastsam": 94.7325386237466,
            "samb": 96.39366946294214,
            "saml": 97.75581906016689,
            "samh": 96.68578993821713
        },
        "m1_p5": {
            "prompt": [
                832,
                558,
                1133,
                763
            ],
            "fastsam": 94.7325386237466,
            "samb": 96.76985195154778,
            "saml": 97.91090629800307,
            "samh": 98.09502859656841
        },
        "m1_p6": {
            "prompt": [
                854,
                560,
                1111,
                761
            ],
            "fastsam": 94.7325386237466,
            "samb": 96.84077872414393,
            "saml": 97.87560900671554,
            "samh": 97.9900602542112
        },
        "m1_p7": {
            "prompt": [
                838,
                565,
                1128,
                756
            ],
            "fastsam": 94.7325386237466,
            "samb": 96.83263816475495,
            "saml": 97.90194443225212,
            "samh": 98.05949133151456
        },
        "m2_p0": {
            "prompt": [
                1308,
                1206
            ],
            "fastsam": 0.0,
            "samb": 4.791970421595796,
            "saml": 23.196639037416276,
            "samh": 21.42309949171636
        },
        "m2_p1": {
            "prompt": [
                2238,
                1194
            ],
            "fastsam": 0.0,
            "samb": 5.196365807501739,
            "saml": 5.071832681131583,
            "samh": 5.099579007110824
        },
        "m2_p2": {
            "prompt": [
                1650,
                242
            ],
            "fastsam": 0.0,
            "samb": 12.533822927407705,
            "saml": 12.184027107106653,
            "samh": 11.087322862505921
        },
        "m2_p3": {
            "prompt": [
                1779,
                943
            ],
            "fastsam": 0.0,
            "samb": 9.440790003241807,
            "saml": 9.249690734210715,
            "samh": 9.187001083022121
        },
        "m2_p4": {
            "prompt": [
                137,
                692
            ],
            "fastsam": 0.0,
            "samb": 3.975584495769711,
            "saml": 12.464697613973795,
            "samh": 11.186377974404566
        },
        "m2_p5": {
            "prompt": [
                0,
                0,
                2240,
                1499
            ],
            "fastsam": 3.1340309059323755e-05,
            "samb": 54.19589066753468,
            "saml": 95.5301786280705,
            "samh": 95.38662034065096
        },
        "m2_p6": {
            "prompt": [
                100,
                0,
                2139,
                1499
            ],
            "fastsam": 3.1340309059323755e-05,
            "samb": 49.75123074650347,
            "saml": 63.47885071192133,
            "samh": 56.049873173835806
        },
        "m2_p7": {
            "prompt": [
                82,
                0,
                2157,
                1499
            ],
            "fastsam": 3.1340309059323755e-05,
            "samb": 62.473864164360315,
            "saml": 81.35544948953796,
            "samh": 65.2104662093103
        }
    }
}