{
    "imgid": 58,
    "adv_method": "UAD",
    "evaluations": {
        "m0_p0": {
            "prompt": [
                1995,
                131
            ],
            "fastsam": 0.0,
            "samb": 14.91932434779943,
            "saml": 15.395345941548335,
            "samh": 38.54283244268339
        },
        "m0_p1": {
            "prompt": [
                290,
                1187
            ],
            "fastsam": 0.0,
            "samb": 18.369567546171268,
            "saml": 18.444059511128433,
            "samh": 18.71850426732549
        },
        "m0_p2": {
            "prompt": [
                1304,
                16
            ],
            "fastsam": 0.0,
            "samb": 4.8906959995805845,
            "saml": 5.509054895600954,
            "samh": 5.510440998409487
        },
        "m0_p3": {
            "prompt": [
                507,
                197
            ],
            "fastsam": 0.0,
            "samb": 6.979158959094666,
            "saml": 7.1871600253894625,
            "samh": 10.27432367160805
        },
        "m0_p4": {
            "prompt": [
                336,
                898
            ],
            "fastsam": 0.0,
            "samb": 18.413408527463883,
            "saml": 18.507282172441197,
            "samh": 19.87747939931556
        },
        "m0_p5": {
            "prompt": [
                0,
                0,
                2662,
                1499
            ],
            "fastsam": 0.13649104277531787,
            "samb": 50.94362704308977,
            "saml": 98.34186768474866,
            "samh": 99.28292848086929
        },
        "m0_p6": {
            "prompt": [
                0,
                71,
                2662,
                1427
            ],
            "fastsam": 0.13649104277531787,
            "samb": 13.357768404577415,
            "saml": 98.41069247654049,
            "samh": 99.26285657439179
        },
        "m0_p7": {
            "prompt": [
                133,
                28,
                2528,
                1470
            ],
            "fastsam": 0.13649104277531787,
            "samb": 22.312115506984597,
            "saml": 37.666294664429905,
            "samh": 69.50942144555512
        },
        "m1_p0": {
            "prompt": [
                1373,
                1256
            ],
            "fastsam": 21.237259820753227,
            "samb": 21.71581427470303,
            "saml": 28.240179741212014,
            "samh": 23.506757606293128
        },
        "m1_p1": {
            "prompt": [
                720,
                737
            ],
            "fastsam": 0.0,
            "samb": 0.567469330381594,
            "saml": 1.2527965428536032,
            "samh": 0.7042138040481817
        },
        "m1_p2": {
            "prompt": [
                786,
                829
            ],
            "fastsam": 0.0,
            "samb": 7.614567417950529,
            "saml": 72.05246460843784,
            "samh": 95.06841876530072
        },
        "m1_p3": {
            "prompt": [
                1478,
                162
            ],
            "fastsam": 0.0,
            "samb": 33.12043973566557,
            "saml": 93.4142472807247,
            "samh": 98.25893832374572
        },
        "m1_p4": {
            "prompt": [
                1449,
                734
            ],
            "fastsam": 0.0,
            "samb": 33.43122311688519,
            "saml": 37.24719336575624,
            "samh": 11.41094300359519
        },
        "m1_p5": {
            "prompt": [
                735,
                119,
                1950,
                1324
            ],
            "fastsam": 21.237259820753227,
            "samb": 24.872765306884794,
            "saml": 93.45523718592874,
            "samh": 97.47807377123847
        },
        "m1_p6": {
            "prompt": [
                746,
                78,
                1939,
                1365
            ],
            "fastsam": 21.237259820753227,
            "samb": 32.54248767680408,
            "saml": 93.86675096498189,
            "samh": 97.64329637918581
        },
        "m1_p7": {
            "prompt": [
                740,
                123,
                1944,
                1320
            ],
            "fastsam": 21.237259820753227,
            "samb": 25.67243512533961,
            "saml": 93.25195126550967,
            "samh": 97.46009131355237
        },
        "m2_p0": {
            "prompt": [
                1238,
                743
            ],
            "fastsam": 0.0,
            "samb": 2.7284993916407796,
            "saml": 13.55892789960355,
            "samh": 8.570654582481337
        },
        "m2_p1": {
            "prompt": [
                1376,
                641
            ],
            "fastsam": 0.0,
            "samb": 22.77769352427584,
            "saml": 81.53200563156959,
            "samh": 66.61275246027328
        },
        "m2_p2": {
            "prompt": [
                1213,
                757
            ],
            "fastsam": 0.0,
            "samb": 2.6751626337497956,
            "saml": 2.451455803668679,
            "samh": 2.5765567140908203
        },
        "m2_p3": {
            "prompt": [
                1261,
                690
            ],
            "fastsam": 5.082034163744309,
            "samb": 10.90094334755978,
            "saml": 69.94718836151061,
            "samh": 63.53716594655145
        },
        "m2_p4": {
            "prompt": [
                1232,
                635
            ],
            "fastsam": 0.0,
            "samb": 10.977339932198221,
            "saml": 82.67415156927788,
            "samh": 62.592384832649365
        },
        "m2_p5": {
            "prompt": [
                1182,
                509,
                1468,
                820
            ],
            "fastsam": 5.082034163744309,
            "samb": 72.59821319299964,
            "saml": 82.91554554939323,
            "samh": 83.17851899619939
        },
        "m2_p6": {
            "prompt": [
                1170,
                511,
                1479,
                818
            ],
            "fastsam": 5.082034163744309,
            "samb": 74.83690337445914,
            "saml": 82.974114291982,
            "samh": 83.6034827369055
        },
        "m2_p7": {
            "prompt": [
                1172,
                515,
                1478,
                815
            ],
            "fastsam": 5.082034163744309,
            "samb": 75.22253203925143,
            "saml": 82.97968644986078,
            "samh": 83.53263475104445
        },
        "m3_p0": {
            "prompt": [
                1326,
                650
            ],
            "fastsam": 0.0,
            "samb": 2.216675407755612,
            "saml": 11.234904174323969,
            "samh": 7.789710801155885
        },
        "m3_p1": {
            "prompt": [
                1328,
                642
            ],
            "fastsam": 0.0,
            "samb": 2.2376109491627343,
            "saml": 11.229376455538427,
            "samh": 7.757761160208475
        },
        "m3_p2": {
            "prompt": [
                1344,
                676
            ],
            "fastsam": 0.0,
            "samb": 1.741370715877069,
            "saml": 11.233060996817272,
            "samh": 7.943800540647152
        },
        "m3_p3": {
            "prompt": [
                1356,
                695
            ],
            "fastsam": 0.8058800152408422,
            "samb": 1.338284876618617,
            "saml": 11.341913896205005,
            "samh": 7.949426461709933
        },
        "m3_p4": {
            "prompt": [
                1329,
                685
            ],
            "fastsam": 0.8058800152408422,
            "samb": 1.9856045842613215,
            "saml": 11.24634538944187,