{
    "imgid": 785,
    "adv_method": "UAD",
    "evaluations": {
        "m0_p0": {
            "prompt": [
                848,
                1083
            ],
            "fastsam": 11.323969096314215,
            "samb": 97.5460235980575,
            "saml": 96.22758194186765,
            "samh": 96.51177640340795
        },
        "m0_p1": {
            "prompt": [
                865,
                1131
            ],
            "fastsam": 11.323969096314215,
            "samb": 98.4294364229157,
            "saml": 96.59443855738664,
            "samh": 96.52548404167959
        },
        "m0_p2": {
            "prompt": [
                994,
                977
            ],
            "fastsam": 11.323969096314215,
            "samb": 97.27373271889401,
            "saml": 96.60118775696665,
            "samh": 96.87104988367193
        },
        "m0_p3": {
            "prompt": [
                786,
                1086
            ],
            "fastsam": 11.323969096314215,
            "samb": 97.08925191569121,
            "saml": 96.36506085562277,
            "samh": 96.41737735986588
        },
        "m0_p4": {
            "prompt": [
                860,
                1119
            ],
            "fastsam": 11.323969096314215,
            "samb": 98.38724695979292,
            "saml": 96.42114858705561,
            "samh": 96.46074176725867
        },
        "m0_p5": {
            "prompt": [
                704,
                938,
                1047,
                1183
            ],
            "fastsam": 98.20694039338868,
            "samb": 98.84979955790341,
            "saml": 98.8374273392087,
            "samh": 98.78579739518823
        },
        "m0_p6": {
            "prompt": [
                729,
                941,
                1021,
                1180
            ],
            "fastsam": 98.20694039338868,
            "samb": 98.85350318471338,
            "saml": 98.77941314333927,
            "samh": 98.79676383909297
        },
        "m0_p7": {
            "prompt": [
                716,
                946,
                1035,
                1175
            ],
            "fastsam": 98.20694039338868,
            "samb": 98.84792626728111,
            "saml": 98.79420920376552,
            "samh": 98.78746926441053
        },
        "m1_p0": {
            "prompt": [
                753,
                699
            ],
            "fastsam": 3.3074369793174263,
            "samb": 97.47811074115181,
            "saml": 98.06784294234592,
            "samh": 98.23405049123244
        },
        "m1_p1": {
            "prompt": [
                636,
                743
            ],
            "fastsam": 3.3074369793174263,
            "samb": 97.64967837704107,
            "saml": 98.1769537083126,
            "samh": 98.36760124610592
        },
        "m1_p2": {
            "prompt": [
                771,
                693
            ],
            "fastsam": 3.3074369793174263,
            "samb": 97.45579991375592,
            "saml": 98.06700229970788,
            "samh": 98.2839022570416
        },
        "m1_p3": {
            "prompt": [
                670,
                736
            ],
            "fastsam": 3.3074369793174263,
            "samb": 97.4457058242843,
            "saml": 98.1585168595247,
            "samh": 98.18475693149323
        },
        "m1_p4": {
            "prompt": [
                704,
                668
            ],
            "fastsam": 95.43395764475456,
            "samb": 97.38851933973885,
            "saml": 98.13107400946923,
            "samh": 98.43701351267202
        },
        "m1_p5": {
            "prompt": [
                582,
                667,
                788,
                764
            ],
            "fastsam": 95.43395764475456,
            "samb": 97.78412264912171,
            "saml": 98.08594483017451,
            "samh": 98.3380193689472
        },
        "m1_p6": {
            "prompt": [
                571,
                667,
                799,
                764
            ],
            "fastsam": 95.43395764475456,
            "samb": 97.7609626000124,
            "saml": 98.09904952476238,
            "samh": 98.35103060587133
        },
        "m1_p7": {
            "prompt": [
                583,
                667,
                786,
                765
            ],
            "fastsam": 95.43395764475456,
            "samb": 97.77777777777777,
            "saml": 98.04215925439419,
            "samh": 98.3501031185551
        }
    }
}