{
    "imgid": 79,
    "adv_method": "UAD",
    "evaluations": {
        "m0_p0": {
            "prompt": [
                946,
                1053
            ],
            "fastsam": 69.66430109997076,
            "samb": 6.2213329172139495,
            "saml": 6.186683606329765,
            "samh": 6.188649524677804
        },
        "m0_p1": {
            "prompt": [
                941,
                1057
            ],
            "fastsam": 69.66430109997076,
            "samb": 6.22360601030387,
            "saml": 6.186990781071646,
            "samh": 6.1885880897294285
        },
        "m0_p2": {
            "prompt": [
                1369,
                1331
            ],
            "fastsam": 52.662277614289664,
            "samb": 0.8662691940274668,
            "saml": 11.624640311520166,
            "samh": 11.620150643980597
        },
        "m0_p3": {
            "prompt": [
                799,
                271
            ],
            "fastsam": 53.597420949296286,
            "samb": 19.61568085922516,
            "saml": 20.113579327677712,
            "samh": 20.064431667599436
        },
        "m0_p4": {
            "prompt": [
                664,
                191
            ],
            "fastsam": 53.597420949296286,
            "samb": 19.575554557963873,
            "saml": 20.325388551380197,
            "samh": 20.214091982762064
        },
        "m0_p5": {
            "prompt": [
                634,
                0,
                1481,
                1999
            ],
            "fastsam": 50.84876883376644,
            "samb": 30.01637943794023,
            "saml": 99.50765447747628,
            "samh": 99.59662558598933
        },
        "m0_p6": {
            "prompt": [
                648,
                0,
                1468,
                1999
            ],
            "fastsam": 46.96395053566152,
            "samb": 29.373597448107883,
            "saml": 99.50020359118889,
            "samh": 99.56953422718863
        },
        "m0_p7": {
            "prompt": [
                655,
                95,
                1461,
                1904
            ],
            "fastsam": 46.96395053566152,
            "samb": 26.046861871231812,
            "saml": 51.3272406247197,
            "samh": 91.65940710360022
        },
        "m1_p0": {
            "prompt": [
                465,
                296
            ],
            "fastsam": 0.0,
            "samb": 22.73289603473566,
            "saml": 23.021909470482345,
            "samh": 23.06034450401541
        },
        "m1_p1": {
            "prompt": [
                228,
                290
            ],
            "fastsam": 0.0,
            "samb": 22.52683320846952,
            "saml": 13.480487464323732,
            "samh": 20.88838976727287
        },
        "m1_p2": {
            "prompt": [
                88,
                1532
            ],
            "fastsam": 0.0,
            "samb": 15.069761087231011,
            "saml": 7.777914569129762,
            "samh": 9.032983564519059
        },
        "m1_p3": {
            "prompt": [
                267,
                288
            ],
            "fastsam": 0.0,
            "samb": 22.26934851116793,
            "saml": 22.92694791302272,
            "samh": 22.85308058295136
        },
        "m1_p4": {
            "prompt": [
                632,
                654
            ],
            "fastsam": 2.157244432183484,
            "samb": 2.907062171458044,
            "saml": 21.34806639763548,
            "samh": 17.18326061622314
        },
        "m1_p5": {
            "prompt": [
                19,
                0,
                716,
                1999
            ],
            "fastsam": 26.628614408865243,
            "samb": 59.3123131734576,
            "saml": 99.62450773880391,
            "samh": 99.45057419838183
        },
        "m1_p6": {
            "prompt": [
                6,
                23,
                728,
                1975
            ],
            "fastsam": 26.628614408865243,
            "samb": 59.25060692821507,
            "saml": 99.63133896546702,
            "samh": 99.4574804934698
        },
        "m1_p7": {
            "prompt": [
                15,
                48,
                720,
                1950
            ],
            "fastsam": 26.628614408865243,
            "samb": 57.914388965542095,
            "saml": 99.65783811944587,
            "samh": 99.44614516131453
        },
        "m2_p0": {
            "prompt": [
                1281,
                1968
            ],
            "fastsam": 0.0,
            "samb": 1.1392648662518443,
            "saml": 1.143548864821707,
            "samh": 1.1406404542009736
        },
        "m2_p1": {
            "prompt": [
                1277,
                1939
            ],
            "fastsam": 0.0,
            "samb": 1.140655105973025,
            "saml": 1.1432691317334431,
            "samh": 1.1411681552399924
        },
        "m2_p2": {
            "prompt": [
                1279,
                1936
            ],
            "fastsam": 0.0,
            "samb": 1.1406990635477283,
            "saml": 1.143313291017008,
            "samh": 1.1412414856702224
        },
        "m2_p3": {
            "prompt": [
                1273,
                1966
            ],
            "fastsam": 0.0,
            "samb": 1.1394695307387304,
            "saml": 1.143578318373234,
            "samh": 1.1406990635477283
        },
        "m2_p4": {
            "prompt": [
                1285,
                1972
            ],
            "fastsam": 0.0,
            "samb": 1.1392210191409657,
            "saml": 1.143578318373234,
            "samh": 1.140493957180103
        },
        "m2_p5": {
            "prompt": [
                1266,
                1936,
                1287,
                1995
            ],
            "fastsam": 0.0,
            "samb": 51.29224652087475,
            "saml": 37.274693583273255,
            "samh": 62.5
        },
        "m2_p6": {
            "prompt": [
                1265,
                1934,
                1287,
                1998
            ],
            "fastsam": 0.0,
            "samb": 49.96869129618034,
            "saml": 39.219858156028366,
            "samh": 60.97750193948797
        },
        "m2_p7": {
            "prompt": [
                1266,
                1935,
                1286,
                1996
            ],
            "fastsam": 0.0,
            "samb": 51.58730158730159,
            "saml": 39.12397921306607,
            "samh": 63.3195020746888
        },
        "m3_p0": {
            "prompt": [
                967,
                673
            ],
            "fastsam": 0.22030773605727516,
            "samb": 2.700508016359513,
            "saml": 2.705786632798857,
            "samh": 2.7048741296197107
        },
        "m3_p1": {
            "prompt": [
                972,
                706
            ],
            "fastsam": 0.22030773605727516,
            "samb": 2.6965558840688626,
            "saml": 2.7054913438166577,
            "samh": 2.7046863377138606
        },
        "m3_p2": {
            "prompt": [
                969,
                696
            ],
            "fastsam": 0.22030773605727516,
            "samb": 2.69727601827857,
            "saml": 2.7058134804480916,
            "samh": 2.704793644181272
        },
        "m3_p3": {
            "prompt": [
                970,
                671
            ],
            "fastsam": 0.22030773605727516,
            "samb": 2.7013372956909363,
            "saml": 2.7056524025439286,
            "samh": 2.7048473006080203
        },
        "m3_p4": {
            "prompt": [
                957,
                702
            ],
            "fastsam": 0.22030773605727516,