{
    "imgid": 829,
    "adv_method": "UAD",
    "evaluations": {
        "m0_p0": {
            "prompt": [
                757,
                795
            ],
            "fastsam": 39.33468463097651,
            "samb": 39.635272391505076,
            "saml": 47.17870511576321,
            "samh": 93.40362260070289
        },
        "m0_p1": {
            "prompt": [
                748,
                792
            ],
            "fastsam": 39.33468463097651,
            "samb": 39.87437478190066,
            "saml": 41.78132678132678,
            "samh": 93.42888047593294
        },
        "m0_p2": {
            "prompt": [
                810,
                775
            ],
            "fastsam": 39.33468463097651,
            "samb": 38.40142889037732,
            "saml": 91.0547396528705,
            "samh": 93.66754617414249
        },
        "m0_p3": {
            "prompt": [
                754,
                801
            ],
            "fastsam": 39.33468463097651,
            "samb": 39.1698797913359,
            "saml": 58.84588804422944,
            "samh": 93.19470699432893
        },
        "m0_p4": {
            "prompt": [
                759,
                789
            ],
            "fastsam": 39.33468463097651,
            "samb": 39.94875378523177,
            "saml": 42.47191011235955,
            "samh": 93.47767253044655
        },
        "m0_p5": {
            "prompt": [
                692,
                769,
                817,
                809
            ],
            "fastsam": 84.93368700265252,
            "samb": 87.42415885273029,
            "saml": 90.67843353557639,
            "samh": 91.9734292831442
        },
        "m0_p6": {
            "prompt": [
                688,
                769,
                821,
                809
            ],
            "fastsam": 84.93368700265252,
            "samb": 87.74104683195593,
            "saml": 91.1521499448732,
            "samh": 92.67753523072672
        },
        "m0_p7": {
            "prompt": [
                681,
                771,
                827,
                807
            ],
            "fastsam": 84.93368700265252,
            "samb": 87.49654982059067,
            "saml": 91.36789851075565,
            "samh": 92.81767955801105
        },
        "m1_p0": {
            "prompt": [
                918,
                735
            ],
            "fastsam": 55.54365929098263,
            "samb": 46.99572946667991,
            "saml": 59.381925634080275,
            "samh": 91.68685927306618
        },
        "m1_p1": {
            "prompt": [
                903,
                738
            ],
            "fastsam": 55.54365929098263,
            "samb": 47.97699525779437,
            "saml": 58.297153883260975,
            "samh": 92.24413145539906
        },
        "m1_p2": {
            "prompt": [
                884,
                744
            ],
            "fastsam": 55.54365929098263,
            "samb": 51.900263620386646,
            "saml": 58.62735621072982,
            "samh": 90.65386036202437
        },
        "m1_p3": {
            "prompt": [
                865,
                750
            ],
            "fastsam": 55.54365929098263,
            "samb": 54.6151166840822,
            "saml": 58.65396212760825,
            "samh": 91.17975437290659
        },
        "m1_p4": {
            "prompt": [
                937,
                748
            ],
            "fastsam": 0.0,
            "samb": 30.665909950813468,
            "saml": 57.615195216320785,
            "samh": 56.63282764913882
        },
        "m1_p5": {
            "prompt": [
                776,
                705,
                960,
                781
            ],
            "fastsam": 55.55026769779893,
            "samb": 87.93103448275862,
            "saml": 92.90009699321048,
            "samh": 93.18753628798142
        },
        "m1_p6": {
            "prompt": [
                772,
                704,
                964,
                783
            ],
            "fastsam": 55.55026769779893,
            "samb": 87.9217791411043,
            "saml": 92.76315789473684,
            "samh": 93.21083172147002
        },
        "m1_p7": {
            "prompt": [
                781,
                709,
                955,
                777
            ],
            "fastsam": 75.07389162561576,
            "samb": 88.3336573984056,
            "saml": 92.67342166796571,
            "samh": 93.09140306617505
        },
        "m2_p0": {
            "prompt": [
                595,
                866
            ],
            "fastsam": 0.0,
            "samb": 70.80027595722663,
            "saml": 88.8865590270497,
            "samh": 89.66597077244259
        },
        "m2_p1": {
            "prompt": [
                607,
                865
            ],
            "fastsam": 85.30398322851153,
            "samb": 82.22866611433305,
            "saml": 87.81618887015178,
            "samh": 89.44397993311037
        },
        "m2_p2": {
            "prompt": [
                624,
                855
            ],
            "fastsam": 85.30398322851153,
            "samb": 81.03879849812266,
            "saml": 87.78738662729381,
            "samh": 88.95641240569992
        },
        "m2_p3": {
            "prompt": [
                648,
                860
            ],
            "fastsam": 85.30398322851153,
            "samb": 81.5068493150685,
            "saml": 87.76887389287221,
            "samh": 89.05628792634442
        },
        "m2_p4": {
            "prompt": [
                744,
                837
            ],
            "fastsam": 85.30398322851153,
            "samb": 85.24860738601197,
            "saml": 87.55003159890457,
            "samh": 89.79293034929931
        },
        "m2_p5": {
            "prompt": [
                582,
                812,
                762,
                869
            ],
            "fastsam": 85.30398322851153,
            "samb": 83.38557993730407,
            "saml": 88.51322973540529,
            "samh": 88.52527795259073
        },
        "m2_p6": {
            "prompt": [
                581,
                811,
                764,
                871
            ],
            "fastsam": 85.30398322851153,
            "samb": 83.67091250783045,
            "saml": 88.68835257082897,
            "samh": 88.64445841190027
        },
        "m2_p7": {
            "prompt": [
                580,
                811,
                764,
                871
            ],
            "fastsam": 85.30398322851153,
            "samb": 83.70927318295739,
            "saml": 88.68835257082897,
            "samh": 88.60494344365313
        },
        "m3_p0": {
            "prompt": [
                733,
                802
            ],
            "fastsam": 91.941434171086,
            "samb": 93.3212587729228,
            "saml": 43.24324324324324,
            "samh": 38.442182317282395
        },
        "m3_p1": {
            "prompt": [
                788,
                786
            ],
            "fastsam": 91.941434171086,
            "samb": 91.62550516389761,
            "saml": 41.25768650655529,
            "samh": 38.7240865880197
        },
        "m3_p2": {
            "prompt": [
                852,
                736
            ],
            "fastsam": 0.0,
            "samb": 77.60172510781923,
            "saml": 90.3285090742017,
            "samh": 74.51939483562735
        },
        "m3_p3": {
            "prompt": [
                810,
                785
            ],
            "fastsam": 91.941434171086,
            "samb": 89.4524432809773,
            "saml": 39.953596287703014,
            "samh": 38.42117271275382
        },
        "m3_p4": {
            "prompt": [
                776,
                773
            ],