{
    "imgid": 832,
    "adv_method": "UAD",
    "evaluations": {
        "m0_p0": {
            "prompt": [
                591,
                371
            ],
            "fastsam": 9.581011874052576,
            "samb": 9.285317220784155,
            "saml": 9.22171757745943,
            "samh": 9.23620349511623
        },
        "m0_p1": {
            "prompt": [
                475,
                547
            ],
            "fastsam": 0.0,
            "samb": 3.762299778662075,
            "saml": 3.5663541273959005,
            "samh": 3.5777910699904725
        },
        "m0_p2": {
            "prompt": [
                252,
                292
            ],
            "fastsam": 9.582716355600315,
            "samb": 8.13454323227101,
            "saml": 8.111034575158223,
            "samh": 8.135041297040349
        },
        "m0_p3": {
            "prompt": [
                1082,
                401
            ],
            "fastsam": 2.666439549131848,
            "samb": 2.6316746282320045,
            "saml": 2.6379502443256726,
            "samh": 2.6372529536485985
        },
        "m0_p4": {
            "prompt": [
                1324,
                1097
            ],
            "fastsam": 4.461714010213316,
            "samb": 4.410413338971426,
            "saml": 4.381425969395912,
            "samh": 4.377690483625872
        },
        "m0_p5": {
            "prompt": [
                5,
                31,
                1494,
                1468
            ],
            "fastsam": 19.1121708570311,
            "samb": 72.18062899473867,
            "saml": 83.14137215275838,
            "samh": 84.72425770308124
        },
        "m0_p6": {
            "prompt": [
                0,
                38,
                1499,
                1461
            ],
            "fastsam": 19.1121708570311,
            "samb": 71.3723243382646,
            "saml": 83.11328016474363,
            "samh": 84.16938850409409
        },
        "m0_p7": {
            "prompt": [
                0,
                48,
                1499,
                1450
            ],
            "fastsam": 19.1121708570311,
            "samb": 70.67810587466629,
            "saml": 82.10919289243795,
            "samh": 82.7321428037897
        },
        "m1_p0": {
            "prompt": [
                688,
                454
            ],
            "fastsam": 1.7008490462013452,
            "samb": 87.61329305135952,
            "saml": 7.5871973738202705,
            "samh": 7.439112611526404
        },
        "m1_p1": {
            "prompt": [
                780,
                449
            ],
            "fastsam": 1.7008490462013452,
            "samb": 89.64532254225185,
            "saml": 14.118093791532182,
            "samh": 12.764432919339429
        },
        "m1_p2": {
            "prompt": [
                803,
                451
            ],
            "fastsam": 1.7008490462013452,
            "samb": 90.22988505747126,
            "saml": 11.675733467501022,
            "samh": 72.77680482584161
        },
        "m1_p3": {
            "prompt": [
                801,
                434
            ],
            "fastsam": 1.7008490462013452,
            "samb": 87.87596176264864,
            "saml": 14.480705281880752,
            "samh": 56.73630033303058
        },
        "m1_p4": {
            "prompt": [
                750,
                442
            ],
            "fastsam": 1.7008490462013452,
            "samb": 89.12272404823835,
            "saml": 75.17673197333872,
            "samh": 8.294685454343727
        },
        "m1_p5": {
            "prompt": [
                664,
                430,
                844,
                458
            ],
            "fastsam": 90.83312853280904,
            "samb": 87.67914932963477,
            "saml": 93.75156838143036,
            "samh": 95.07772020725389
        },
        "m1_p6": {
            "prompt": [
                669,
                432,
                839,
                457
            ],
            "fastsam": 90.83312853280904,
            "samb": 90.50119331742243,
            "saml": 95.46625450798557,
            "samh": 94.01932619482893
        },
        "m1_p7": {
            "prompt": [
                673,
                432,
                836,
                457
            ],
            "fastsam": 90.83312853280904,
            "samb": 91.23314065510597,
            "saml": 95.67245400362788,
            "samh": 93.74672946101518
        },
        "m2_p0": {
            "prompt": [
                769,
                864
            ],
            "fastsam": 94.25950781079146,
            "samb": 7.506640091949669,
            "saml": 31.68862811610798,
            "samh": 31.411832062711742
        },
        "m2_p1": {
            "prompt": [
                648,
                828
            ],
            "fastsam": 94.25950781079146,
            "samb": 35.288268238190966,
            "saml": 0.4765369068579128,
            "samh": 0.58071209336163
        },
        "m2_p2": {
            "prompt": [
                658,
                1060
            ],
            "fastsam": 94.25950781079146,
            "samb": 2.8101471797366346,
            "saml": 75.17574181772787,
            "samh": 50.679075854171955
        },
        "m2_p3": {
            "prompt": [
                796,
                855
            ],
            "fastsam": 94.25950781079146,
            "samb": 18.567720328367077,
            "saml": 31.24954261927413,
            "samh": 31.22758834443244
        },
        "m2_p4": {
            "prompt": [
                832,
                771
            ],
            "fastsam": 94.25950781079146,
            "samb": 0.9147614517371858,
            "saml": 78.97694995782479,
            "samh": 80.10181248601477
        },
        "m2_p5": {
            "prompt": [
                599,
                442,
                908,
                1231
            ],
            "fastsam": 92.92598295510597,
            "samb": 78.25106219947396,
            "saml": 97.84821294084738,
            "samh": 98.38828374813329
        },
        "m2_p6": {
            "prompt": [
                583,
                399,
                925,
                1273
            ],
            "fastsam": 92.92598295510597,
            "samb": 83.17756607199718,
            "saml": 97.86171045950202,
            "samh": 98.62879319172372
        },
        "m2_p7": {
            "prompt": [
                585,
                450,
                922,
                1222
            ],
            "fastsam": 92.92598295510597,
            "samb": 75.90281574336744,
            "saml": 97.89253975426591,
            "samh": 98.37791310709905
        },
        "m3_p0": {
            "prompt": [
                723,
                691
            ],
            "fastsam": 6.480222667230071,
            "samb": 14.360576974180724,
            "saml": 61.19026933101651,
            "samh": 95.55327166837958
        },
        "m3_p1": {
            "prompt": [
                684,
                695
            ],
            "fastsam": 6.480222667230071,
            "samb": 14.31992741390952,
            "saml": 64.67129140441953,
            "samh": 95.36592063710009
        },
        "m3_p2": {
            "prompt": [
                837,
                690
            ],
            "fastsam": 6.480222667230071,
            "samb": 17.183755211924225,
            "saml": 63.74139180862631,
            "samh": 95.34293552812072
        },
        "m3_p3": {
            "prompt": [
                630,
                673
            ],
            "fastsam": 22.04795299469295,
            "samb": 6.702027462449809,
            "saml": 93.98110661268556,
            "samh": 93.72755088466144
        },