{
    "imgid": 900,
    "adv_method": "UAD",
    "evaluations": {
        "m0_p0": {
            "prompt": [
                1038,
                735
            ],
            "fastsam": 0.0,
            "samb": 15.83591411616118,
            "saml": 47.301587301587304,
            "samh": 47.251025152140414
        },
        "m0_p1": {
            "prompt": [
                1036,
                702
            ],
            "fastsam": 0.0,
            "samb": 14.756700997695146,
            "saml": 47.196273909516705,
            "samh": 47.16066120873963
        },
        "m0_p2": {
            "prompt": [
                1095,
                647
            ],
            "fastsam": 0.0,
            "samb": 7.439049632897572,
            "saml": 47.0744750228251,
            "samh": 46.90662791301189
        },
        "m0_p3": {
            "prompt": [
                1079,
                585
            ],
            "fastsam": 0.0,
            "samb": 9.28602183218094,
            "saml": 47.197106690777574,
            "samh": 47.05285082009893
        },
        "m0_p4": {
            "prompt": [
                1099,
                719
            ],
            "fastsam": 0.0,
            "samb": 13.512715243524234,
            "saml": 47.177703992261236,
            "samh": 46.88545855493579
        },
        "m0_p5": {
            "prompt": [
                1020,
                576,
                1119,
                804
            ],
            "fastsam": 0.0,
            "samb": 80.12242573787606,
            "saml": 86.31984585741812,
            "samh": 89.38381588715664
        },
        "m0_p6": {
            "prompt": [
                1023,
                560,
                1117,
                819
            ],
            "fastsam": 0.0,
            "samb": 76.86331069135572,
            "saml": 86.12738975886252,
            "samh": 89.39528899445764
        },
        "m0_p7": {
            "prompt": [
                1022,
                566,
                1118,
                813
            ],
            "fastsam": 0.0,
            "samb": 78.30737474197785,
            "saml": 86.15502907395839,
            "samh": 89.33570757283475
        },
        "m1_p0": {
            "prompt": [
                1567,
                1311
            ],
            "fastsam": 17.62154136318947,
            "samb": 49.50615878797076,
            "saml": 73.14698779628564,
            "samh": 93.46535330733977
        },
        "m1_p1": {
            "prompt": [
                1216,
                1082
            ],
            "fastsam": 17.62154136318947,
            "samb": 10.08531853569416,
            "saml": 51.389587837119464,
            "samh": 93.53728702581463
        },
        "m1_p2": {
            "prompt": [
                1405,
                1163
            ],
            "fastsam": 17.62154136318947,
            "samb": 10.741855693823942,
            "saml": 37.38459015692174,
            "samh": 90.13901565681387
        },
        "m1_p3": {
            "prompt": [
                1167,
                973
            ],
            "fastsam": 17.62154136318947,
            "samb": 5.60458958517211,
            "saml": 26.606031869189763,
            "samh": 92.65640436369752
        },
        "m1_p4": {
            "prompt": [
                1661,
                1470
            ],
            "fastsam": 17.62154136318947,
            "samb": 33.358756655633904,
            "saml": 84.96196453502786,
            "samh": 93.39921596481403
        },
        "m1_p5": {
            "prompt": [
                1050,
                903,
                1999,
                1483
            ],
            "fastsam": 18.252431805170026,
            "samb": 29.75742275050996,
            "saml": 84.20044803142358,
            "samh": 93.70896706423022
        },
        "m1_p6": {
            "prompt": [
                1047,
                905,
                1999,
                1480
            ],
            "fastsam": 18.252431805170026,
            "samb": 29.69618954398532,
            "saml": 82.95967108047645,
            "samh": 93.7069967854456
        },
        "m1_p7": {
            "prompt": [
                1066,
                866,
                1996,
                1499
            ],
            "fastsam": 18.252431805170026,
            "samb": 28.17372951888016,
            "saml": 57.33962414097432,
            "samh": 93.44932354183413
        },
        "m2_p0": {
            "prompt": [
                1573,
                927
            ],
            "fastsam": 0.0,
            "samb": 11.847313906315692,
            "saml": 20.299715465895492,
            "samh": 19.631179701804864
        },
        "m2_p1": {
            "prompt": [
                1696,
                934
            ],
            "fastsam": 0.0,
            "samb": 15.303891068127507,
            "saml": 22.0149894447643,
            "samh": 19.726039824012336
        },
        "m2_p2": {
            "prompt": [
                1597,
                884
            ],
            "fastsam": 0.0,
            "samb": 11.827462671951123,
            "saml": 20.051243600299916,
            "samh": 19.56765066821302
        },
        "m2_p3": {
            "prompt": [
                1906,
                987
            ],
            "fastsam": 0.0,
            "samb": 18.470054823568272,
            "saml": 20.62690186382655,
            "samh": 20.597066293228263
        },
        "m2_p4": {
            "prompt": [
                1617,
                891
            ],
            "fastsam": 0.0,
            "samb": 11.826827003966688,
            "saml": 20.056412686872775,
            "samh": 19.54244874321552
        },
        "m2_p5": {
            "prompt": [
                1288,
                831,
                1999,
                1042
            ],
            "fastsam": 1.387349611327936,
            "samb": 38.69788922642334,
            "saml": 67.1067900266583,
            "samh": 38.028377180017735
        },
        "m2_p6": {
            "prompt": [
                1311,
                820,
                1999,
                1053
            ],
            "fastsam": 1.387349611327936,
            "samb": 38.48509391885145,
            "saml": 70.73178385389427,
            "samh": 43.92622591943958
        },
        "m2_p7": {
            "prompt": [
                1311,
                825,
                1999,
                1048
            ],
            "fastsam": 1.387349611327936,
            "samb": 38.67227603445967,
            "saml": 69.78642361583458,
            "samh": 38.71371008248597
        },
        "m3_p0": {
            "prompt": [
                226,
                1044
            ],
            "fastsam": 0.0,
            "samb": 0.30970492090180074,
            "saml": 0.5447868679427836,
            "samh": 0.327421465103678
        },
        "m3_p1": {
            "prompt": [
                212,
                1040
            ],
            "fastsam": 0.0,
            "samb": 0.3067332751437716,
            "saml": 1.0865274975879309,
            "samh": 2.5449409347714433
        },
        "m3_p2": {
            "prompt": [
                200,
                1038
            ],
            "fastsam": 0.0,
            "samb": 0.3098714861949282,
            "saml": 0.5955850977516813,
            "samh": 2.416071385035473
        },
        "m3_p3": {
            "prompt": [
                220,
                1061
            ],
            "fastsam": 0.0,
            "samb": 0.32111622722456423,
            "saml": 0.4578911134008234,
            "samh": 0.34106318100784
        },
        "m3_p4": {
            "prompt": [
                215,
                1039
            ],
            "fastsam": 0.0,
            "samb": 0.3107411065644451,
            "saml": 1.0977690143341383,