{
    "imgid": 357,
    "adv_method": "PATA",
    "evaluations": {
        "m0_p0": {
            "prompt": [
                1459,
                1259
            ],
            "fastsam": 0.0,
            "samb": 22.613603285438227,
            "saml": 39.99296273937216,
            "samh": 43.72755675389308
        },
        "m0_p1": {
            "prompt": [
                73,
                1371
            ],
            "fastsam": 0.0,
            "samb": 36.57453542555581,
            "saml": 41.394445843861874,
            "samh": 48.194534379919034
        },
        "m0_p2": {
            "prompt": [
                504,
                181
            ],
            "fastsam": 0.0,
            "samb": 5.375190886591423,
            "saml": 5.658463120904736,
            "samh": 5.78682065420126
        },
        "m0_p3": {
            "prompt": [
                628,
                1601
            ],
            "fastsam": 0.0,
            "samb": 37.79782440777055,
            "saml": 36.085140591855776,
            "samh": 46.27488963285818
        },
        "m0_p4": {
            "prompt": [
                1444,
                1626
            ],
            "fastsam": 0.0,
            "samb": 23.697098620583784,
            "saml": 40.61453185650509,
            "samh": 39.445242207627594
        },
        "m0_p5": {
            "prompt": [
                0,
                0,
                1499,
                1669
            ],
            "fastsam": 2.565709000865181,
            "samb": 60.860157680560874,
            "saml": 89.74368392056039,
            "samh": 84.32137244446939
        },
        "m0_p6": {
            "prompt": [
                0,
                0,
                1499,
                1669
            ],
            "fastsam": 2.565709000865181,
            "samb": 60.860157680560874,
            "saml": 89.74368392056039,
            "samh": 84.32137244446939
        },
        "m0_p7": {
            "prompt": [
                56,
                0,
                1443,
                1669
            ],
            "fastsam": 2.565709000865181,
            "samb": 26.455038513740856,
            "saml": 65.02185092519854,
            "samh": 63.49148251915204
        },
        "m1_p0": {
            "prompt": [
                967,
                316
            ],
            "fastsam": 0.0,
            "samb": 12.881886048688425,
            "saml": 97.9722634801982,
            "samh": 89.64030156619914
        },
        "m1_p1": {
            "prompt": [
                893,
                1046
            ],
            "fastsam": 0.0,
            "samb": 1.3621039975039382,
            "saml": 96.68967553463087,
            "samh": 93.36556256315976
        },
        "m1_p2": {
            "prompt": [
                891,
                1380
            ],
            "fastsam": 0.0,
            "samb": 19.001270860760844,
            "saml": 92.5006487196443,
            "samh": 91.43630475344021
        },
        "m1_p3": {
            "prompt": [
                235,
                1064
            ],
            "fastsam": 0.0,
            "samb": 9.629063207860224,
            "saml": 98.98162948338866,
            "samh": 98.8207140863581
        },
        "m1_p4": {
            "prompt": [
                866,
                1375
            ],
            "fastsam": 0.0,
            "samb": 19.190530184845557,
            "saml": 91.92946490671366,
            "samh": 88.98944755471983
        },
        "m1_p5": {
            "prompt": [
                240,
                198,
                1270,
                1464
            ],
            "fastsam": 1.3660611687353033,
            "samb": 95.62365368934756,
            "saml": 98.41243148931184,
            "samh": 99.44799446854746
        },
        "m1_p6": {
            "prompt": [
                227,
                136,
                1283,
                1525
            ],
            "fastsam": 1.3660611687353033,
            "samb": 98.2672934651625,
            "saml": 99.12321911008335,
            "samh": 99.48521402164512
        },
        "m1_p7": {
            "prompt": [
                191,
                243,
                1319,
                1418
            ],
            "fastsam": 1.3660611687353033,
            "samb": 85.9396385984907,
            "saml": 81.24841142404895,
            "samh": 90.36337485826478
        },
        "m2_p0": {
            "prompt": [
                313,
                462
            ],
            "fastsam": 0.0,
            "samb": 12.127464465841356,
            "saml": 95.77272727272727,
            "samh": 95.85704529933986
        },
        "m2_p1": {
            "prompt": [
                261,
                420
            ],
            "fastsam": 0.0,
            "samb": 44.10540915395284,
            "saml": 96.21004566210046,
            "samh": 96.44322845417237
        },
        "m2_p2": {
            "prompt": [
                310,
                481
            ],
            "fastsam": 0.0,
            "samb": 9.979494190020505,
            "saml": 95.54399457136394,
            "samh": 95.75923392612859
        },
        "m2_p3": {
            "prompt": [
                315,
                430
            ],
            "fastsam": 0.0,
            "samb": 60.81204379562044,
            "saml": 96.26508767934412,
            "samh": 96.44322845417237
        },
        "m2_p4": {
            "prompt": [
                314,
                428
            ],
            "fastsam": 0.0,
            "samb": 59.07846715328467,
            "saml": 96.2870159453303,
            "samh": 96.46360939995436
        },
        "m2_p5": {
            "prompt": [
                237,
                374,
                359,
                484
            ],
            "fastsam": 0.0,
            "samb": 82.85948046635303,
            "saml": 96.30558722919042,
            "samh": 96.93504117108874
        },
        "m2_p6": {
            "prompt": [
                242,
                379,
                354,
                479
            ],
            "fastsam": 0.0,
            "samb": 82.96747967479675,
            "saml": 96.36820465966194,
            "samh": 96.93293659876402
        },
        "m2_p7": {
            "prompt": [
                242,
                377,
                353,
                481
            ],
            "fastsam": 0.0,
            "samb": 81.41104294478528,
            "saml": 96.34619776204613,
            "samh": 96.93433996797071
        },
        "m3_p0": {
            "prompt": [
                669,
                399
            ],
            "fastsam": 96.89620647458004,
            "samb": 98.00627240143369,
            "saml": 97.9824165915239,
            "samh": 98.23833034111311
        },
        "m3_p1": {
            "prompt": [
                657,
                349
            ],
            "fastsam": 96.89620647458004,
            "samb": 98.16390506045678,
            "saml": 97.69959404600812,
            "samh": 98.40807174887892
        },
        "m3_p2": {
            "prompt": [
                721,
                333
            ],
            "fastsam": 96.89620647458004,
            "samb": 98.10048330898056,
            "saml": 98.2746955345061,
            "samh": 98.30698508801436
        },
        "m3_p3": {
            "prompt": [
                688,
                359
            ],
            "fastsam": 96.89620647458004,
            "samb": 97.82364819385236,
            "saml": 98.18345932528489,
            "samh": 98.47887323943662
        },
        "m3_p4": {
            "prompt": [
                729,
                326
            ],
            "fastsam": 96.89620647458004,
            "samb": 98.07800382151287,
            "saml": 98.28616529484722,
            "samh": 98.28533004594867
        },