{
    "imgid": 431,
    "adv_method": "PATA",
    "evaluations": {
        "m0_p0": {
            "prompt": [
                403,
                815
            ],
            "fastsam": 0.0,
            "samb": 10.656879820850959,
            "saml": 4.1359464248639615,
            "samh": 4.106226930636115
        },
        "m0_p1": {
            "prompt": [
                418,
                790
            ],
            "fastsam": 0.0,
            "samb": 18.76689696605587,
            "saml": 24.48939123537577,
            "samh": 6.903109251687743
        },
        "m0_p2": {
            "prompt": [
                461,
                845
            ],
            "fastsam": 0.0,
            "samb": 11.27283255250829,
            "saml": 4.139684135238058,
            "samh": 4.683169841200018
        },
        "m0_p3": {
            "prompt": [
                460,
                844
            ],
            "fastsam": 0.0,
            "samb": 11.266901667806598,
            "saml": 4.138204233857332,
            "samh": 4.716029959227088
        },
        "m0_p4": {
            "prompt": [
                432,
                771
            ],
            "fastsam": 0.0,
            "samb": 23.736666307509967,
            "saml": 24.587334124501027,
            "samh": 24.392770806952917
        },
        "m0_p5": {
            "prompt": [
                398,
                764,
                492,
                869
            ],
            "fastsam": 1.7790172131935762,
            "samb": 39.455993380908055,
            "saml": 45.1468189233279,
            "samh": 30.04385964912281
        },
        "m0_p6": {
            "prompt": [
                392,
                760,
                497,
                872
            ],
            "fastsam": 1.7790172131935762,
            "samb": 43.26266945682831,
            "saml": 36.36901241868717,
            "samh": 30.27755384083842
        },
        "m0_p7": {
            "prompt": [
                397,
                765,
                492,
                868
            ],
            "fastsam": 1.7790172131935762,
            "samb": 39.605604566683965,
            "saml": 45.423623995052566,
            "samh": 30.069284064665126
        },
        "m1_p0": {
            "prompt": [
                2117,
                1378
            ],
            "fastsam": 0.0,
            "samb": 78.91156462585035,
            "saml": 74.31506849315069,
            "samh": 78.67132867132867
        },
        "m1_p1": {
            "prompt": [
                2116,
                1394
            ],
            "fastsam": 0.0,
            "samb": 77.35191637630662,
            "saml": 75.34246575342466,
            "samh": 78.94736842105263
        },
        "m1_p2": {
            "prompt": [
                2120,
                1406
            ],
            "fastsam": 0.0,
            "samb": 74.32432432432432,
            "saml": 75.25773195876289,
            "samh": 78.94736842105263
        },
        "m1_p3": {
            "prompt": [
                2119,
                1388
            ],
            "fastsam": 0.0,
            "samb": 75.08532423208192,
            "saml": 73.97260273972603,
            "samh": 78.94736842105263
        },
        "m1_p4": {
            "prompt": [
                2120,
                1389
            ],
            "fastsam": 0.0,
            "samb": 74.82993197278911,
            "saml": 74.31506849315069,
            "samh": 78.67132867132867
        },
        "m1_p5": {
            "prompt": [
                2116,
                1370,
                2120,
                1414
            ],
            "fastsam": 0.0,
            "samb": 84.35114503816794,
            "saml": 76.49122807017544,
            "samh": 79.5774647887324
        },
        "m1_p6": {
            "prompt": [
                2116,
                1370,
                2120,
                1414
            ],
            "fastsam": 0.0,
            "samb": 84.35114503816794,
            "saml": 76.49122807017544,
            "samh": 79.5774647887324
        },
        "m1_p7": {
            "prompt": [
                2116,
                1369,
                2120,
                1415
            ],
            "fastsam": 0.0,
            "samb": 83.71212121212122,
            "saml": 75.69444444444444,
            "samh": 79.5774647887324
        },
        "m2_p0": {
            "prompt": [
                1924,
                37
            ],
            "fastsam": 0.0,
            "samb": 45.34534534534534,
            "saml": 66.8141592920354,
            "samh": 66.2280701754386
        },
        "m2_p1": {
            "prompt": [
                1918,
                25
            ],
            "fastsam": 0.0,
            "samb": 42.53521126760563,
            "saml": 66.51982378854626,
            "samh": 67.71300448430493
        },
        "m2_p2": {
            "prompt": [
                1930,
                45
            ],
            "fastsam": 0.0,
            "samb": 39.84168865435356,
            "saml": 67.11111111111111,
            "samh": 66.2280701754386
        },
        "m2_p3": {
            "prompt": [
                1923,
                37
            ],
            "fastsam": 0.0,
            "samb": 43.768115942028984,
            "saml": 66.8141592920354,
            "samh": 66.2280701754386
        },
        "m2_p4": {
            "prompt": [
                1933,
                52
            ],
            "fastsam": 0.0,
            "samb": 17.99761620977354,
            "saml": 66.51982378854626,
            "samh": 67.11111111111111
        },
        "m2_p5": {
            "prompt": [
                1918,
                24,
                1934,
                54
            ],
            "fastsam": 0.0,
            "samb": 47.896440129449836,
            "saml": 65.93886462882097,
            "samh": 68.01801801801801
        },
        "m2_p6": {
            "prompt": [
                1917,
                23,
                1934,
                55
            ],
            "fastsam": 0.0,
            "samb": 48.553054662379424,
            "saml": 65.65217391304348,
            "samh": 67.11111111111111
        },
        "m2_p7": {
            "prompt": [
                1918,
                25,
                1934,
                53
            ],
            "fastsam": 0.0,
            "samb": 47.896440129449836,
            "saml": 65.93886462882097,
            "samh": 68.32579185520362
        },
        "m3_p0": {
            "prompt": [
                749,
                1348
            ],
            "fastsam": 90.09419936153142,
            "samb": 95.65160277004355,
            "saml": 97.58437969291559,
            "samh": 98.49228940536145
        },
        "m3_p1": {
            "prompt": [
                1069,
                1386
            ],
            "fastsam": 90.09419936153142,
            "samb": 2.518215995611503,
            "saml": 97.10341589657266,
            "samh": 98.58681560927693
        },
        "m3_p2": {
            "prompt": [
                701,
                1434
            ],
            "fastsam": 90.09419936153142,
            "samb": 96.01657269776183,
            "saml": 97.6817931424233,
            "samh": 98.51189290409977
        },
        "m3_p3": {
            "prompt": [
                874,
                1332
            ],
            "fastsam": 90.09419936153142,
            "samb": 95.39489095718848,
            "saml": 97.61543160887712,
            "samh": 98.51688346413242
        },
        "m3_p4": {
            "prompt": [
                1103,
                1396
            ],
            "fastsam": 90.09419936153142,
            "samb": 96.5517045098787,
            "saml": 97.41639250464884,
            "samh": 98.58117038488709
        },