{
    "imgid": 511,
    "adv_method": "PATA",
    "evaluations": {
        "m0_p0": {
            "prompt": [
                498,
                1259
            ],
            "fastsam": 0.0,
            "samb": 61.29808719899773,
            "saml": 60.836216171480594,
            "samh": 61.30192274609959
        },
        "m0_p1": {
            "prompt": [
                272,
                1373
            ],
            "fastsam": 0.0,
            "samb": 60.5505799490583,
            "saml": 60.25199509917547,
            "samh": 60.97519054953627
        },
        "m0_p2": {
            "prompt": [
                484,
                1205
            ],
            "fastsam": 0.0,
            "samb": 61.11666056775886,
            "saml": 60.57727015329185,
            "samh": 61.229945639406964
        },
        "m0_p3": {
            "prompt": [
                50,
                1270
            ],
            "fastsam": 0.0,
            "samb": 60.49503020853635,
            "saml": 60.24596270823882,
            "samh": 61.012266694865964
        },
        "m0_p4": {
            "prompt": [
                695,
                1328
            ],
            "fastsam": 0.0,
            "samb": 13.810584886461701,
            "saml": 13.344940521475376,
            "samh": 13.332929053911899
        },
        "m0_p5": {
            "prompt": [
                24,
                1032,
                946,
                1499
            ],
            "fastsam": 0.0,
            "samb": 61.01423434765557,
            "saml": 61.113376091748286,
            "samh": 61.32722052421969
        },
        "m0_p6": {
            "prompt": [
                23,
                1064,
                947,
                1477
            ],
            "fastsam": 0.0,
            "samb": 61.090223084128176,
            "saml": 61.02866577811375,
            "samh": 61.29753766948788
        },
        "m0_p7": {
            "prompt": [
                0,
                1067,
                1015,
                1473
            ],
            "fastsam": 0.0,
            "samb": 61.05746883931603,
            "saml": 60.97895790918677,
            "samh": 61.32200769139278
        },
        "m1_p0": {
            "prompt": [
                1018,
                606
            ],
            "fastsam": 94.72981125570973,
            "samb": 96.46120689655173,
            "saml": 97.80528487402336,
            "samh": 97.59546148810823
        },
        "m1_p1": {
            "prompt": [
                1033,
                604
            ],
            "fastsam": 94.72981125570973,
            "samb": 95.36141755760957,
            "saml": 97.5150931840056,
            "samh": 97.37597911227154
        },
        "m1_p2": {
            "prompt": [
                1047,
                674
            ],
            "fastsam": 94.72981125570973,
            "samb": 96.6220880069025,
            "saml": 97.52967877094972,
            "samh": 97.42741479127672
        },
        "m1_p3": {
            "prompt": [
                1088,
                679
            ],
            "fastsam": 94.72981125570973,
            "samb": 96.7210990150337,
            "saml": 97.49978183087529,
            "samh": 97.47833282522538
        },
        "m1_p4": {
            "prompt": [
                1058,
                666
            ],
            "fastsam": 94.72981125570973,
            "samb": 96.6842241602625,
            "saml": 97.50403630492647,
            "samh": 97.48224942283399
        },
        "m1_p5": {
            "prompt": [
                850,
                559,
                1116,
                762
            ],
            "fastsam": 94.72981125570973,
            "samb": 96.96536177222872,
            "saml": 98.00623600193228,
            "samh": 97.91648428608947
        },
        "m1_p6": {
            "prompt": [
                833,
                560,
                1133,
                761
            ],
            "fastsam": 94.72981125570973,
            "samb": 96.88230709275136,
            "saml": 97.98516307449191,
            "samh": 97.942747089206
        },
        "m1_p7": {
            "prompt": [
                827,
                560,
                1138,
                761
            ],
            "fastsam": 94.72981125570973,
            "samb": 96.8697233406936,
            "saml": 97.97270613015051,
            "samh": 97.93417366946778
        },
        "m2_p0": {
            "prompt": [
                231,
                400
            ],
            "fastsam": 0.0,
            "samb": 73.93520100650343,
            "saml": 69.79493309151992,
            "samh": 75.5978846385396
        },
        "m2_p1": {
            "prompt": [
                963,
                449
            ],
            "fastsam": 0.0,
            "samb": 18.171146326146772,
            "saml": 18.18122904398298,
            "samh": 18.347578543826174
        },
        "m2_p2": {
            "prompt": [
                765,
                556
            ],
            "fastsam": 0.0,
            "samb": 18.335700274297157,
            "saml": 18.188984117861036,
            "samh": 18.347809206530112
        },
        "m2_p3": {
            "prompt": [
                555,
                1006
            ],
            "fastsam": 0.0,
            "samb": 18.394161090289693,
            "saml": 18.19682078101636,
            "samh": 18.28860846693387
        },
        "m2_p4": {
            "prompt": [
                1108,
                1213
            ],
            "fastsam": 0.0,
            "samb": 4.024123979989668,
            "saml": 4.020005673891359,
            "samh": 4.018530118542899
        },
        "m2_p5": {
            "prompt": [
                0,
                65,
                2239,
                1436
            ],
            "fastsam": 3.134090822191118e-05,
            "samb": 73.25999734402934,
            "saml": 74.54920545452748,
            "samh": 75.77478445526224
        },
        "m2_p6": {
            "prompt": [
                0,
                0,
                2240,
                1499
            ],
            "fastsam": 3.134090822191118e-05,
            "samb": 73.237749292619,
            "saml": 74.27312647963733,
            "samh": 75.73470345867463
        },
        "m2_p7": {
            "prompt": [
                0,
                61,
                2240,
                1440
            ],
            "fastsam": 3.134090822191118e-05,
            "samb": 73.23875138473679,
            "saml": 75.08644568967773,
            "samh": 75.81905762196226
        }
    }
}