{
    "imgid": 58,
    "adv_method": "PATA",
    "evaluations": {
        "m0_p0": {
            "prompt": [
                1452,
                1460
            ],
            "fastsam": 0.0,
            "samb": 1.6458019074177161,
            "saml": 1.5846554904977257,
            "samh": 10.731736298334752
        },
        "m0_p1": {
            "prompt": [
                580,
                946
            ],
            "fastsam": 0.0,
            "samb": 34.014160022818096,
            "saml": 37.59204390317859,
            "samh": 37.74680432385665
        },
        "m0_p2": {
            "prompt": [
                2134,
                1364
            ],
            "fastsam": 0.0,
            "samb": 43.03953551286828,
            "saml": 42.99268963887154,
            "samh": 43.045555999176855
        },
        "m0_p3": {
            "prompt": [
                600,
                965
            ],
            "fastsam": 0.0,
            "samb": 34.14020386652135,
            "saml": 37.597597027168874,
            "samh": 37.76339811216772
        },
        "m0_p4": {
            "prompt": [
                818,
                298
            ],
            "fastsam": 0.0,
            "samb": 37.54339949687348,
            "saml": 37.618896053767656,
            "samh": 37.74812380578246
        },
        "m0_p5": {
            "prompt": [
                0,
                0,
                2662,
                1499
            ],
            "fastsam": 0.08608896838350026,
            "samb": 80.41968071027324,
            "saml": 80.91356291506246,
            "samh": 82.49271851659601
        },
        "m0_p6": {
            "prompt": [
                71,
                0,
                2590,
                1499
            ],
            "fastsam": 0.08608896838350026,
            "samb": 80.29058662596991,
            "saml": 80.86923643730535,
            "samh": 83.19341117492415
        },
        "m0_p7": {
            "prompt": [
                72,
                0,
                2590,
                1499
            ],
            "fastsam": 0.08608896838350026,
            "samb": 80.28212885114671,
            "saml": 80.85850009566794,
            "samh": 83.1072624814284
        },
        "m1_p0": {
            "prompt": [
                1428,
                278
            ],
            "fastsam": 78.94537074446016,
            "samb": 55.885817060450115,
            "saml": 60.63405651923679,
            "samh": 75.38424405816373
        },
        "m1_p1": {
            "prompt": [
                1634,
                922
            ],
            "fastsam": 78.94537074446016,
            "samb": 14.606161087524198,
            "saml": 15.422594111762445,
            "samh": 17.389561379692378
        },
        "m1_p2": {
            "prompt": [
                1621,
                477
            ],
            "fastsam": 78.94537074446016,
            "samb": 55.801595056525706,
            "saml": 60.733141168381124,
            "samh": 80.14003222125382
        },
        "m1_p3": {
            "prompt": [
                1604,
                399
            ],
            "fastsam": 78.94537074446016,
            "samb": 55.838175429146474,
            "saml": 60.7568295161872,
            "samh": 80.30747432326237
        },
        "m1_p4": {
            "prompt": [
                1504,
                537
            ],
            "fastsam": 78.94537074446016,
            "samb": 54.74868414231182,
            "saml": 60.68661968624265,
            "samh": 80.04779951890805
        },
        "m1_p5": {
            "prompt": [
                644,
                36,
                2041,
                1407
            ],
            "fastsam": 75.97250577108295,
            "samb": 57.11629201171568,
            "saml": 64.05913787480436,
            "samh": 84.03692595826531
        },
        "m1_p6": {
            "prompt": [
                697,
                50,
                1988,
                1393
            ],
            "fastsam": 75.97250577108295,
            "samb": 57.62632603671962,
            "saml": 62.21543432665503,
            "samh": 82.03228816451606
        },
        "m1_p7": {
            "prompt": [
                699,
                140,
                1985,
                1302
            ],
            "fastsam": 75.97250577108295,
            "samb": 55.73711253407607,
            "saml": 62.136150405734185,
            "samh": 75.09737231383579
        },
        "m2_p0": {
            "prompt": [
                1283,
                760
            ],
            "fastsam": 8.217469313359725,
            "samb": 9.950104593791059,
            "saml": 8.096031138953707,
            "samh": 6.918949231618636
        },
        "m2_p1": {
            "prompt": [
                1375,
                746
            ],
            "fastsam": 8.217469313359725,
            "samb": 20.565929741718538,
            "saml": 9.138370613668274,
            "samh": 7.83220996347479
        },
        "m2_p2": {
            "prompt": [
                1369,
                674
            ],
            "fastsam": 8.217469313359725,
            "samb": 60.66985513656972,
            "saml": 49.37605624281755,
            "samh": 48.74766961173705
        },
        "m2_p3": {
            "prompt": [
                1359,
                653
            ],
            "fastsam": 8.217469313359725,
            "samb": 59.57205336876488,
            "saml": 49.15582655826558,
            "samh": 49.12356574270539
        },
        "m2_p4": {
            "prompt": [
                1352,
                728
            ],
            "fastsam": 8.217469313359725,
            "samb": 56.692405964884514,
            "saml": 62.527119220012025,
            "samh": 9.553161573485793
        },
        "m2_p5": {
            "prompt": [
                1163,
                501,
                1487,
                828
            ],
            "fastsam": 8.57929859907731,
            "samb": 65.61993490321136,
            "saml": 67.1579058671143,
            "samh": 67.71596094661997
        },
        "m2_p6": {
            "prompt": [
                1163,
                525,
                1486,
                804
            ],
            "fastsam": 8.57929859907731,
            "samb": 68.73401186523704,
            "saml": 66.4356185847641,
            "samh": 66.21229349207411
        },
        "m2_p7": {
            "prompt": [
                1171,
                529,
                1479,
                801
            ],
            "fastsam": 8.57929859907731,
            "samb": 68.16338275191143,
            "saml": 66.08787196332672,
            "samh": 65.8759442379681
        },
        "m3_p0": {
            "prompt": [
                1323,
                664
            ],
            "fastsam": 0.7799960128727252,
            "samb": 15.87636515407981,
            "saml": 18.24747488207233,
            "samh": 18.21543536672963
        },
        "m3_p1": {
            "prompt": [
                1300,
                672
            ],
            "fastsam": 0.7799960128727252,
            "samb": 15.675725176858444,
            "saml": 18.226102696515557,
            "samh": 18.360506274804248
        },
        "m3_p2": {
            "prompt": [
                1335,
                638
            ],
            "fastsam": 0.7799960128727252,
            "samb": 16.047906998546853,
            "saml": 18.172408301926854,
            "samh": 18.04406261529542
        },
        "m3_p3": {
            "prompt": [
                1298,
                628
            ],
            "fastsam": 0.7799960128727252,
            "samb": 16.554642166344294,
            "saml": 18.16662244627222,
            "samh": 18.636363636363637
        },