{
    "imgid": 785,
    "adv_method": "PATA",
    "evaluations": {
        "m0_p0": {
            "prompt": [
                751,
                1024
            ],
            "fastsam": 98.12178467870172,
            "samb": 98.53796249555967,
            "saml": 98.78703929019336,
            "samh": 98.62936853718281
        },
        "m0_p1": {
            "prompt": [
                993,
                1035
            ],
            "fastsam": 98.12178467870172,
            "samb": 89.68328511853326,
            "saml": 81.18672401810703,
            "samh": 25.741551293370655
        },
        "m0_p2": {
            "prompt": [
                848,
                1124
            ],
            "fastsam": 98.12178467870172,
            "samb": 98.48930155937026,
            "saml": 98.71048642174019,
            "samh": 98.67581872930967
        },
        "m0_p3": {
            "prompt": [
                1025,
                1075
            ],
            "fastsam": 98.12178467870172,
            "samb": 97.60056986465715,
            "saml": 98.43267232177968,
            "samh": 98.80109400172343
        },
        "m0_p4": {
            "prompt": [
                728,
                977
            ],
            "fastsam": 98.12178467870172,
            "samb": 98.32437796042161,
            "saml": 98.7627978363,
            "samh": 98.54877318970676
        },
        "m0_p5": {
            "prompt": [
                715,
                924,
                1036,
                1197
            ],
            "fastsam": 98.12178467870172,
            "samb": 98.629212218951,
            "saml": 98.7673747705219,
            "samh": 98.81914115949093
        },
        "m0_p6": {
            "prompt": [
                724,
                940,
                1026,
                1180
            ],
            "fastsam": 98.12178467870172,
            "samb": 98.68695016037965,
            "saml": 98.75419172333689,
            "samh": 98.81289499840594
        },
        "m0_p7": {
            "prompt": [
                703,
                941,
                1047,
                1179
            ],
            "fastsam": 98.12178467870172,
            "samb": 98.70224856065863,
            "saml": 98.7155241822233,
            "samh": 98.80970233185874
        },
        "m1_p0": {
            "prompt": [
                704,
                708
            ],
            "fastsam": 95.6484379795004,
            "samb": 97.95640326975477,
            "saml": 98.04905239687848,
            "samh": 97.82033126039038
        },
        "m1_p1": {
            "prompt": [
                719,
                744
            ],
            "fastsam": 95.6484379795004,
            "samb": 95.52005765073264,
            "saml": 97.18188530642382,
            "samh": 97.58253987881785
        },
        "m1_p2": {
            "prompt": [
                715,
                691
            ],
            "fastsam": 95.6484379795004,
            "samb": 97.94995664560882,
            "saml": 98.04273768968721,
            "samh": 97.79597365018778
        },
        "m1_p3": {
            "prompt": [
                702,
                677
            ],
            "fastsam": 95.6484379795004,
            "samb": 97.87286821705426,
            "saml": 98.07775779748248,
            "samh": 97.9209081374545
        },
        "m1_p4": {
            "prompt": [
                623,
                741
            ],
            "fastsam": 95.6484379795004,
            "samb": 97.75524086327376,
            "saml": 98.19220972852084,
            "samh": 97.92270233618936
        },
        "m1_p5": {
            "prompt": [
                583,
                659,
                786,
                773
            ],
            "fastsam": 95.6484379795004,
            "samb": 97.87630402384501,
            "saml": 98.31481712645113,
            "samh": 98.48088656456233
        },
        "m1_p6": {
            "prompt": [
                575,
                660,
                794,
                772
            ],
            "fastsam": 95.6484379795004,
            "samb": 97.91459781529295,
            "saml": 98.40229669849592,
            "samh": 98.51220119521912
        },
        "m1_p7": {
            "prompt": [
                574,
                666,
                795,
                765
            ],
            "fastsam": 95.6484379795004,
            "samb": 97.86903578528828,
            "saml": 98.32095374820548,
            "samh": 98.46163428001994
        }
    }
}