{
    "imgid": 79,
    "adv_method": "PATA",
    "evaluations": {
        "m0_p0": {
            "prompt": [
                1347,
                432
            ],
            "fastsam": 16.19503427905341,
            "samb": 16.807469140501265,
            "saml": 16.990606004789097,
            "samh": 16.381100232682243
        },
        "m0_p1": {
            "prompt": [
                1117,
                202
            ],
            "fastsam": 21.92590510063085,
            "samb": 22.249418187200916,
            "saml": 22.515204759889773,
            "samh": 22.41809795998091
        },
        "m0_p2": {
            "prompt": [
                809,
                1007
            ],
            "fastsam": 26.02724952587541,
            "samb": 32.3653228376824,
            "saml": 25.726747576689565,
            "samh": 26.0730600056371
        },
        "m0_p3": {
            "prompt": [
                1344,
                1121
            ],
            "fastsam": 26.02724952587541,
            "samb": 29.82449246245966,
            "saml": 25.485779743016945,
            "samh": 25.683614799203408
        },
        "m0_p4": {
            "prompt": [
                1088,
                1389
            ],
            "fastsam": 31.63037457167648,
            "samb": 41.108556807594205,
            "saml": 31.62746014595796,
            "samh": 31.6660196512505
        },
        "m0_p5": {
            "prompt": [
                616,
                0,
                1499,
                1999
            ],
            "fastsam": 31.63037457167648,
            "samb": 79.14032784471547,
            "saml": 98.54594520928052,
            "samh": 98.93080768477371
        },
        "m0_p6": {
            "prompt": [
                590,
                95,
                1499,
                1904
            ],
            "fastsam": 26.02724952587541,
            "samb": 69.450990955282,
            "saml": 57.78622512227695,
            "samh": 99.4210588981891
        },
        "m0_p7": {
            "prompt": [
                645,
                0,
                1471,
                1999
            ],
            "fastsam": 31.63037457167648,
            "samb": 78.7709675440211,
            "saml": 98.50594081590684,
            "samh": 98.9019485025454
        },
        "m1_p0": {
            "prompt": [
                45,
                977
            ],
            "fastsam": 52.318133692346166,
            "samb": 41.81866771562279,
            "saml": 34.55000525344101,
            "samh": 22.246077299458456
        },
        "m1_p1": {
            "prompt": [
                676,
                1337
            ],
            "fastsam": 65.47471657261453,
            "samb": 8.904951134839656,
            "saml": 3.7784803717497217,
            "samh": 8.73409878221314
        },
        "m1_p2": {
            "prompt": [
                652,
                1457
            ],
            "fastsam": 52.318133692346166,
            "samb": 5.324759479088855,
            "saml": 2.979990623534927,
            "samh": 8.369317005398301
        },
        "m1_p3": {
            "prompt": [
                138,
                947
            ],
            "fastsam": 52.318133692346166,
            "samb": 50.260112092172015,
            "saml": 40.60267692968144,
            "samh": 22.258313452712148
        },
        "m1_p4": {
            "prompt": [
                353,
                741
            ],
            "fastsam": 52.318133692346166,
            "samb": 11.60565498977634,
            "saml": 11.76087320418827,
            "samh": 12.930370597215905
        },
        "m1_p5": {
            "prompt": [
                25,
                18,
                709,
                1981
            ],
            "fastsam": 52.318133692346166,
            "samb": 78.51772618431028,
            "saml": 95.97585618803409,
            "samh": 99.64034717645133
        },
        "m1_p6": {
            "prompt": [
                22,
                0,
                712,
                1999
            ],
            "fastsam": 52.318133692346166,
            "samb": 78.70265490578458,
            "saml": 95.77441740886282,
            "samh": 99.63907101322856
        },
        "m1_p7": {
            "prompt": [
                17,
                0,
                718,
                1999
            ],
            "fastsam": 52.318133692346166,
            "samb": 78.01691006917756,
            "saml": 95.71596178054213,
            "samh": 99.6443258029694
        },
        "m2_p0": {
            "prompt": [
                1267,
                1997
            ],
            "fastsam": 0.17063928239263945,
            "samb": 5.677303601179034,
            "saml": 0.17365660579559367,
            "samh": 0.16532125942033302
        },
        "m2_p1": {
            "prompt": [
                1272,
                1965
            ],
            "fastsam": 0.17063928239263945,
            "samb": 23.504499735309686,
            "saml": 0.1734842594292993,
            "samh": 0.16456573548652526
        },
        "m2_p2": {
            "prompt": [
                1282,
                1976
            ],
            "fastsam": 0.17063928239263945,
            "samb": 47.306666666666665,
            "saml": 0.17332510949930904,
            "samh": 0.16350971391324043
        },
        "m2_p3": {
            "prompt": [
                1283,
                1979
            ],
            "fastsam": 0.17063928239263945,
            "samb": 46.33891213389121,
            "saml": 0.17324294005755256,
            "samh": 0.16122355606875965
        },
        "m2_p4": {
            "prompt": [
                1273,
                1977
            ],
            "fastsam": 0.17063928239263945,
            "samb": 37.8839590443686,
            "saml": 0.17360466230178667,
            "samh": 0.16195720171514136
        },
        "m2_p5": {
            "prompt": [
                1266,
                1936,
                1287,
                1995
            ],
            "fastsam": 0.17063928239263945,
            "samb": 76.99711260827719,
            "saml": 79.39001848428836,
            "samh": 84.39306358381504
        },
        "m2_p6": {
            "prompt": [
                1267,
                1931,
                1286,
                1999
            ],
            "fastsam": 0.17063928239263945,
            "samb": 78.50919651500485,
            "saml": 80.20351526364477,
            "samh": 84.58574181117534
        },
        "m2_p7": {
            "prompt": [
                1267,
                1935,
                1286,
                1996
            ],
            "fastsam": 0.17063928239263945,
            "samb": 77.66895200783546,
            "saml": 80.05591798695247,
            "samh": 85.71428571428571
        },
        "m3_p0": {
            "prompt": [
                1008,
                679
            ],
            "fastsam": 1.028168111330209,
            "samb": 0.9804767554740589,
            "saml": 0.9638051749304626,
            "samh": 1.0105464436324827
        },
        "m3_p1": {
            "prompt": [
                961,
                713
            ],
            "fastsam": 1.028168111330209,
            "samb": 0.9757057497584887,
            "saml": 0.9711607632532995,
            "samh": 1.006254497149499
        },
        "m3_p2": {
            "prompt": [
                981,
                706
            ],
            "fastsam": 1.028168111330209,
            "samb": 0.9775034411562284,
            "saml": 0.970607706489938,
            "samh": 1.0049232764847216
        },
        "m3_p3": {
            "prompt": [
                979,
                675
            ],
            "fastsam": 1.028168111330209,
            "samb": 0.9788051183575313,
            "saml": 0.9707113566465428,