{
    "imgid": 829,
    "adv_method": "PATA",
    "evaluations": {
        "m0_p0": {
            "prompt": [
                708,
                800
            ],
            "fastsam": 44.031795673703414,
            "samb": 40.78621178137174,
            "saml": 94.04990403071017,
            "samh": 93.42105263157895
        },
        "m0_p1": {
            "prompt": [
                694,
                799
            ],
            "fastsam": 44.031795673703414,
            "samb": 40.66839256295599,
            "saml": 93.81161007667032,
            "samh": 93.56516976998904
        },
        "m0_p2": {
            "prompt": [
                759,
                790
            ],
            "fastsam": 44.031795673703414,
            "samb": 41.0140978557043,
            "saml": 94.28260277702151,
            "samh": 93.46333424883274
        },
        "m0_p3": {
            "prompt": [
                714,
                801
            ],
            "fastsam": 44.031795673703414,
            "samb": 40.74991156703219,
            "saml": 94.13859216652972,
            "samh": 93.52715304443225
        },
        "m0_p4": {
            "prompt": [
                769,
                769
            ],
            "fastsam": 0.0,
            "samb": 41.66265060240964,
            "saml": 94.09374153345976,
            "samh": 93.67296631059983
        },
        "m0_p5": {
            "prompt": [
                686,
                769,
                823,
                810
            ],
            "fastsam": 85.68840579710145,
            "samb": 91.9640424952329,
            "saml": 93.1980252331322,
            "samh": 92.8492545554942
        },
        "m0_p6": {
            "prompt": [
                688,
                770,
                821,
                808
            ],
            "fastsam": 85.68840579710145,
            "samb": 91.61660294920809,
            "saml": 92.60785930200605,
            "samh": 92.54847645429363
        },
        "m0_p7": {
            "prompt": [
                690,
                767,
                818,
                811
            ],
            "fastsam": 85.68840579710145,
            "samb": 91.94557823129252,
            "saml": 92.95117937465716,
            "samh": 92.8117224218966
        },
        "m1_p0": {
            "prompt": [
                902,
                752
            ],
            "fastsam": 46.65021156558533,
            "samb": 53.12535973293427,
            "saml": 68.22677253099317,
            "samh": 92.67786374787696
        },
        "m1_p1": {
            "prompt": [
                896,
                748
            ],
            "fastsam": 46.65021156558533,
            "samb": 54.03377110694184,
            "saml": 91.16279069767442,
            "samh": 92.88296860133207
        },
        "m1_p2": {
            "prompt": [
                938,
                730
            ],
            "fastsam": 15.210100611560465,
            "samb": 43.78805780241752,
            "saml": 90.05698565533504,
            "samh": 92.8378898729303
        },
        "m1_p3": {
            "prompt": [
                818,
                761
            ],
            "fastsam": 46.640037593984964,
            "samb": 86.26893939393939,
            "saml": 91.48025675938533,
            "samh": 92.91610673833749
        },
        "m1_p4": {
            "prompt": [
                847,
                742
            ],
            "fastsam": 46.65021156558533,
            "samb": 52.82312925170068,
            "saml": 92.58405379442843,
            "samh": 92.77246653919694
        },
        "m1_p5": {
            "prompt": [
                785,
                709,
                951,
                778
            ],
            "fastsam": 73.9661283970067,
            "samb": 89.64732650739477,
            "saml": 92.36286101957744,
            "samh": 92.52066910209575
        },
        "m1_p6": {
            "prompt": [
                784,
                707,
                952,
                780
            ],
            "fastsam": 73.9661283970067,
            "samb": 89.5880574452003,
            "saml": 92.45063879210221,
            "samh": 92.56769733051661
        },
        "m1_p7": {
            "prompt": [
                784,
                706,
                953,
                781
            ],
            "fastsam": 73.9661283970067,
            "samb": 89.5104895104895,
            "saml": 92.51160990712074,
            "samh": 92.61036468330134
        },
        "m2_p0": {
            "prompt": [
                630,
                841
            ],
            "fastsam": 87.19346049046321,
            "samb": 86.21255642183012,
            "saml": 90.93555093555094,
            "samh": 90.86210461029563
        },
        "m2_p1": {
            "prompt": [
                743,
                816
            ],
            "fastsam": 87.19346049046321,
            "samb": 87.5656035526847,
            "saml": 90.74926747593135,
            "samh": 90.82969432314411
        },
        "m2_p2": {
            "prompt": [
                639,
                849
            ],
            "fastsam": 87.19346049046321,
            "samb": 86.1424758776432,
            "saml": 90.75928243637881,
            "samh": 90.38101186758276
        },
        "m2_p3": {
            "prompt": [
                663,
                849
            ],
            "fastsam": 87.19346049046321,
            "samb": 86.64749383730485,
            "saml": 90.84844694600793,
            "samh": 90.53069719042664
        },
        "m2_p4": {
            "prompt": [
                651,
                856
            ],
            "fastsam": 87.19346049046321,
            "samb": 86.23664749383731,
            "saml": 91.03448275862068,
            "samh": 90.46332848535216
        },
        "m2_p5": {
            "prompt": [
                583,
                812,
                762,
                869
            ],
            "fastsam": 87.19346049046321,
            "samb": 87.92111750205423,
            "saml": 90.96021662153719,
            "samh": 90.45929018789144
        },
        "m2_p6": {
            "prompt": [
                587,
                809,
                758,
                872
            ],
            "fastsam": 87.19346049046321,
            "samb": 87.96961609525765,
            "saml": 91.04726212783677,
            "samh": 90.6719532554257
        },
        "m2_p7": {
            "prompt": [
                593,
                812,
                751,
                870
            ],
            "fastsam": 87.19346049046321,
            "samb": 87.11467324290999,
            "saml": 91.01921470342523,
            "samh": 90.4324211405891
        },
        "m3_p0": {
            "prompt": [
                831,
                747
            ],
            "fastsam": 84.42320976283675,
            "samb": 89.29096460477214,
            "saml": 54.89205328433624,
            "samh": 56.028450154869795
        },
        "m3_p1": {
            "prompt": [
                922,
                728
            ],
            "fastsam": 8.827282217840157,
            "samb": 78.516478298034,
            "saml": 53.768032313906524,
            "samh": 56.34610970851503
        },
        "m3_p2": {
            "prompt": [
                797,
                777
            ],
            "fastsam": 84.0284959209468,
            "samb": 90.51733687825413,
            "saml": 39.46027333796618,
            "samh": 38.765147143681475
        },
        "m3_p3": {
            "prompt": [
                837,
                773
            ],
            "fastsam": 84.42320976283675,
            "samb": 90.86167800453515,
            "saml": 57.079444570908265,
            "samh": 57.134677049931284
        },