{
    "imgid": 832,
    "adv_method": "PATA",
    "evaluations": {
        "m0_p0": {
            "prompt": [
                1292,
                212
            ],
            "fastsam": 0.0,
            "samb": 8.56875609818052,
            "saml": 21.395368296484012,
            "samh": 22.233163044988697
        },
        "m0_p1": {
            "prompt": [
                1470,
                791
            ],
            "fastsam": 0.0,
            "samb": 2.1898413713516134,
            "saml": 4.005685907406771,
            "samh": 4.552859863002305
        },
        "m0_p2": {
            "prompt": [
                1004,
                752
            ],
            "fastsam": 0.0,
            "samb": 3.9355085814069435,
            "saml": 3.6155517735837406,
            "samh": 4.248542288936338
        },
        "m0_p3": {
            "prompt": [
                967,
                32
            ],
            "fastsam": 0.0,
            "samb": 1.459628613024095,
            "saml": 22.40554326165683,
            "samh": 23.1095080066402
        },
        "m0_p4": {
            "prompt": [
                37,
                780
            ],
            "fastsam": 0.0,
            "samb": 5.338566245227998,
            "saml": 5.473881234463492,
            "samh": 5.337162455280009
        },
        "m0_p5": {
            "prompt": [
                0,
                11,
                1499,
                1487
            ],
            "fastsam": 0.05622245111086342,
            "samb": 67.21731852115197,
            "saml": 83.3948194291082,
            "samh": 86.34698973043321
        },
        "m0_p6": {
            "prompt": [
                64,
                75,
                1434,
                1424
            ],
            "fastsam": 0.05622245111086342,
            "samb": 9.6913336236642,
            "saml": 8.559449890448139,
            "samh": 54.83010761685471
        },
        "m0_p7": {
            "prompt": [
                56,
                46,
                1442,
                1452
            ],
            "fastsam": 0.05622245111086342,
            "samb": 26.799142797872182,
            "saml": 89.51808114095374,
            "samh": 72.3373332914959
        },
        "m1_p0": {
            "prompt": [
                827,
                441
            ],
            "fastsam": 1.6605206598130267,
            "samb": 85.8926919518964,
            "saml": 88.48484848484848,
            "samh": 95.20530476919153
        },
        "m1_p1": {
            "prompt": [
                756,
                454
            ],
            "fastsam": 1.6605206598130267,
            "samb": 10.473986457529785,
            "saml": 89.73429951690821,
            "samh": 21.873722329303195
        },
        "m1_p2": {
            "prompt": [
                720,
                432
            ],
            "fastsam": 1.6607688419016637,
            "samb": 90.48651252408477,
            "saml": 97.13157894736842,
            "samh": 9.031932530815252
        },
        "m1_p3": {
            "prompt": [
                811,
                443
            ],
            "fastsam": 1.6605206598130267,
            "samb": 93.8331627430911,
            "saml": 90.72463768115942,
            "samh": 10.646150352032706
        },
        "m1_p4": {
            "prompt": [
                729,
                444
            ],
            "fastsam": 1.6605206598130267,
            "samb": 92.5242960378769,
            "saml": 90.75098814229248,
            "samh": 8.952299015390498
        },
        "m1_p5": {
            "prompt": [
                668,
                432,
                840,
                457
            ],
            "fastsam": 92.55754475703324,
            "samb": 92.68606747360289,
            "saml": 92.65789473684211,
            "samh": 93.7911076032623
        },
        "m1_p6": {
            "prompt": [
                669,
                430,
                839,
                458
            ],
            "fastsam": 92.55754475703324,
            "samb": 92.86630741596099,
            "saml": 93.31754801368061,
            "samh": 94.3525085369057
        },
        "m1_p7": {
            "prompt": [
                667,
                431,
                842,
                458
            ],
            "fastsam": 92.55754475703324,
            "samb": 92.54801536491678,
            "saml": 93.55771759137524,
            "samh": 94.30446194225722
        },
        "m2_p0": {
            "prompt": [
                773,
                1228
            ],
            "fastsam": 70.67525804257811,
            "samb": 8.427207105258645,
            "saml": 7.334379770787193,
            "samh": 32.59795171342914
        },
        "m2_p1": {
            "prompt": [
                691,
                1007
            ],
            "fastsam": 97.3185534604607,
            "samb": 19.657255026883224,
            "saml": 19.67662644586119,
            "samh": 32.23188879944555
        },
        "m2_p2": {
            "prompt": [
                840,
                817
            ],
            "fastsam": 97.3185534604607,
            "samb": 37.96712024485473,
            "saml": 22.027886233808722,
            "samh": 31.064437949040254
        },
        "m2_p3": {
            "prompt": [
                727,
                663
            ],
            "fastsam": 96.10479894911033,
            "samb": 8.505011674557206,
            "saml": 7.031969364485177,
            "samh": 6.323824932979332
        },
        "m2_p4": {
            "prompt": [
                668,
                745
            ],
            "fastsam": 97.3185534604607,
            "samb": 64.33076052190907,
            "saml": 72.2834693104754,
            "samh": 85.0
        },
        "m2_p5": {
            "prompt": [
                578,
                419,
                930,
                1254
            ],
            "fastsam": 96.11539084960629,
            "samb": 97.64835987624305,
            "saml": 99.27444605009634,
            "samh": 99.36147875324855
        },
        "m2_p6": {
            "prompt": [
                601,
                406,
                907,
                1266
            ],
            "fastsam": 96.11539084960629,
            "samb": 96.61318229162184,
            "saml": 99.20985848853714,
            "samh": 99.34174579341143
        },
        "m2_p7": {
            "prompt": [
                590,
                397,
                917,
                1275
            ],
            "fastsam": 96.11539084960629,
            "samb": 97.20994487026653,
            "saml": 99.2580836623571,
            "samh": 99.37446491797918
        },
        "m3_p0": {
            "prompt": [
                708,
                673
            ],
            "fastsam": 6.174265548757725,
            "samb": 68.68662481892805,
            "saml": 78.49587417621974,
            "samh": 95.64719358533792
        },
        "m3_p1": {
            "prompt": [
                677,
                696
            ],
            "fastsam": 6.174265548757725,
            "samb": 74.60292498820569,
            "saml": 95.96309111880046,
            "samh": 95.47197739352755
        },
        "m3_p2": {
            "prompt": [
                801,
                657
            ],
            "fastsam": 6.174265548757725,
            "samb": 70.2320987654321,
            "saml": 95.6645056726094,
            "samh": 93.8732301177716
        },
        "m3_p3": {
            "prompt": [
                652,
                678
            ],
            "fastsam": 6.174265548757725,
            "samb": 70.39161392405063,
            "saml": 92.9574691520084,
            "samh": 95.2844110544674
        },
        "m3_p4": {
            "prompt": [
                745,
                655
            ],