{
    "imgid": 900,
    "adv_method": "PATA",
    "evaluations": {
        "m0_p0": {
            "prompt": [
                1049,
                747
            ],
            "fastsam": 0.0,
            "samb": 26.733635774465327,
            "saml": 88.4404756031378,
            "samh": 29.513571620532115
        },
        "m0_p1": {
            "prompt": [
                1083,
                646
            ],
            "fastsam": 0.0,
            "samb": 22.467444776695285,
            "saml": 87.21924358788581,
            "samh": 88.19193595626281
        },
        "m0_p2": {
            "prompt": [
                1021,
                729
            ],
            "fastsam": 0.0,
            "samb": 27.632719393282773,
            "saml": 0.5128492559482106,
            "samh": 28.676431139009605
        },
        "m0_p3": {
            "prompt": [
                1064,
                659
            ],
            "fastsam": 0.0,
            "samb": 22.458281829419036,
            "saml": 87.49393851226846,
            "samh": 88.5130166200912
        },
        "m0_p4": {
            "prompt": [
                1038,
                661
            ],
            "fastsam": 0.0,
            "samb": 26.330723556302875,
            "saml": 88.81229853706918,
            "samh": 37.95222947107349
        },
        "m0_p5": {
            "prompt": [
                1018,
                560,
                1121,
                819
            ],
            "fastsam": 0.0,
            "samb": 37.491006269914685,
            "saml": 89.03251466640151,
            "samh": 90.09648552717093
        },
        "m0_p6": {
            "prompt": [
                1022,
                560,
                1118,
                819
            ],
            "fastsam": 0.0,
            "samb": 35.79981578139392,
            "saml": 89.29515638250112,
            "samh": 90.51087557140704
        },
        "m0_p7": {
            "prompt": [
                1020,
                566,
                1119,
                814
            ],
            "fastsam": 0.0,
            "samb": 35.85186707072782,
            "saml": 89.42475885851367,
            "samh": 90.59592657782248
        },
        "m1_p0": {
            "prompt": [
                1467,
                1276
            ],
            "fastsam": 17.323836209677193,
            "samb": 26.024539877300615,
            "saml": 54.55351479153451,
            "samh": 54.01270166744984
        },
        "m1_p1": {
            "prompt": [
                1730,
                1413
            ],
            "fastsam": 17.323836209677193,
            "samb": 15.129815918039208,
            "saml": 41.039117937039144,
            "samh": 51.272787110436994
        },
        "m1_p2": {
            "prompt": [
                1561,
                1429
            ],
            "fastsam": 17.323836209677193,
            "samb": 15.139547944005647,
            "saml": 37.54263595600352,
            "samh": 42.83059726559988
        },
        "m1_p3": {
            "prompt": [
                1362,
                1174
            ],
            "fastsam": 17.323836209677193,
            "samb": 26.577611046130144,
            "saml": 54.39523413529091,
            "samh": 53.843690398246466
        },
        "m1_p4": {
            "prompt": [
                1375,
                1275
            ],
            "fastsam": 17.323836209677193,
            "samb": 28.86012490617875,
            "saml": 54.63934508419221,
            "samh": 53.80179744603396
        },
        "m1_p5": {
            "prompt": [
                1107,
                882,
                1955,
                1499
            ],
            "fastsam": 17.77369207772795,
            "samb": 45.774328275893765,
            "saml": 94.73193999520187,
            "samh": 94.83119647714388
        },
        "m1_p6": {
            "prompt": [
                1081,
                888,
                1981,
                1497
            ],
            "fastsam": 17.77369207772795,
            "samb": 55.731278475980794,
            "saml": 94.2434559041659,
            "samh": 94.7472315166109
        },
        "m1_p7": {
            "prompt": [
                1026,
                871,
                1999,
                1499
            ],
            "fastsam": 17.77369207772795,
            "samb": 58.07850408011417,
            "saml": 93.20227790117562,
            "samh": 94.94487746647005
        },
        "m2_p0": {
            "prompt": [
                1475,
                867
            ],
            "fastsam": 23.700465461216446,
            "samb": 25.087920113117836,
            "saml": 25.538565336791116,
            "samh": 25.539348460735855
        },
        "m2_p1": {
            "prompt": [
                1557,
                903
            ],
            "fastsam": 23.700465461216446,
            "samb": 24.606978576329766,
            "saml": 25.543317875210793,
            "samh": 25.493515300945763
        },
        "m2_p2": {
            "prompt": [
                1438,
                882
            ],
            "fastsam": 23.700465461216446,
            "samb": 24.767095830734146,
            "saml": 25.542991432274928,
            "samh": 25.554870042554537
        },
        "m2_p3": {
            "prompt": [
                1915,
                950
            ],
            "fastsam": 0.0,
            "samb": 15.051093314365191,
            "saml": 27.505283448291877,
            "samh": 27.823473957105822
        },
        "m2_p4": {
            "prompt": [
                1603,
                895
            ],
            "fastsam": 23.700465461216446,
            "samb": 24.098418592612134,
            "saml": 25.546133454198575,
            "samh": 25.49693948381397
        },
        "m2_p5": {
            "prompt": [
                1310,
                828,
                1999,
                1045
            ],
            "fastsam": 23.700465461216446,
            "samb": 27.239862214794858,
            "saml": 27.636388956585314,
            "samh": 27.45211772485238
        },
        "m2_p6": {
            "prompt": [
                1311,
                819,
                1998,
                1053
            ],
            "fastsam": 23.700465461216446,
            "samb": 26.06973058637084,
            "saml": 27.732431049718617,
            "samh": 27.557304931697153
        },
        "m2_p7": {
            "prompt": [
                1302,
                822,
                1999,
                1051
            ],
            "fastsam": 23.700465461216446,
            "samb": 26.732576030379416,
            "saml": 27.55361728709252,
            "samh": 27.54433707709693
        },
        "m3_p0": {
            "prompt": [
                231,
                1056
            ],
            "fastsam": 0.0,
            "samb": 0.34394913301217533,
            "saml": 86.0234445446348,
            "samh": 86.17594254937164
        },
        "m3_p1": {
            "prompt": [
                202,
                1050
            ],
            "fastsam": 0.0,
            "samb": 0.34287454113283533,
            "saml": 85.63734290843806,
            "samh": 86.2410071942446
        },
        "m3_p2": {
            "prompt": [
                198,
                1047
            ],
            "fastsam": 0.0,
            "samb": 0.3433402047568729,
            "saml": 85.63734290843806,
            "samh": 86.38412984670875
        },
        "m3_p3": {
            "prompt": [
                223,
                1043
            ],
            "fastsam": 0.0,
            "samb": 0.3435711289310466,
            "saml": 85.47085201793722,
            "samh": 86.3963963963964
        },
        "m3_p4": {
            "prompt": [
                196,
                1043
            ],
            "fastsam": 0.0,